raison_sociale;adresse_complete;cp_ville;lat;lng;;
HOPITAL DE JOUR FRANCOIS VILLON;10 R DE L'ECLIPSE;95800 CERGY;49.0512627;2.0304689;;" (1,""10 R DE L'ECLIPSE 95800 CERGY"",49.0512627,2.030468917,35,3 , 9) ,"
CH DE VERSAILLES-HOPITAL RICHAUD;1 R RICHAUD;78011 VERSAILLES CEDEX;48.8074016;2.1337584;;" (2,""1 R RICHAUD 78011 VERSAILLES CEDEX"",48.8074016,2.13375843,31,17 , 13) ,"
"CMP 92I05 ENFANTS ""CHAVISÈVRES""";259 AV ROGER SALENGRO;92370 CHAVILLE;48.8174288;2.1962218;;" (3,""259 AV ROGER SALENGRO 92370 CHAVILLE"",48.8174288,2.196221825,10,20 , 15) ,"
"HOPITAL DE JOUR ""LES LIERRES""";12 R ERNEST RENAN;92310 SEVRES;48.820483;2.2143718;;" (4,""12 R ERNEST RENAN 92310 SEVRES"",48.820483,2.214371824,10,7 , 17) ,"
CMP ADULTES 92G02 (RABELAIS);5 R RABELAIS;92600 ASNIERES SUR SEINE;48.9131996;2.2906781;;" (5,""5 R RABELAIS 92600 ASNIERES SUR SEINE"",48.9131996,2.290678124,32,20 , 19) ,"
POLYCLINIQUE COUTURIER 92G18;42 R P.VAILLANT COUTURIER;92240 MALAKOFF;48.8130707;2.2968778;;" (6,""42 R P.VAILLANT COUTURIER 92240 MALAKOFF"",48.8130707,2.296877811,18,18 , 18) ,"
APPARTEMENT THERAPEUTIQUE;16 R DES MOUSSERONS;91160 LONGJUMEAU;48.6899321;2.3015811;;" (7,""16 R DES MOUSSERONS 91160 LONGJUMEAU"",48.6899321,2.301581110,26,18 , 19) ,"
CENTRE PARIS SUD;167 R RAYMOND LOSSERAND;75014 PARIS;48.8303682;2.3112489;;" (8,""167 R RAYMOND LOSSERAND 75014 PARIS"",48.8303682,2.311248920,26,11 , 7) ,"
HOP DE JOUR CEREP (U.S.I.S. ET E.P.I.);3 R RIDDER;75014 PARIS;48.8311258;2.3118698;;" (9,""3 R RIDDER 75014 PARIS"",48.8311258,2.311869829,25,18 , 4) ,"
CMP ADULTES SALNEUVE;18 R SALNEUVE;75017 PARIS;48.8855503;2.3143885;;" (10,""18 R SALNEUVE 75017 PARIS"",48.8855503,2.31438856,32,1 , 3) ,"
CENTRE HOSP.FONDATION VALLEE;7 R BENSERADE;94257 GENTILLY CEDEX;48.8104419;2.3478515;;" (11,""7 R BENSERADE 94257 GENTILLY CEDEX"",48.8104419,2.34785151,5,19 , 9) ,"
HOPITAL DE JOUR 93G01;2 R DE SURESNES;93200 ST DENIS;48.9437988;2.3671009;;" (12,""2 R DE SURESNES 93200 ST DENIS"",48.9437988,2.36710093,29,12 , 13) ,"
CLINIQUE DE L'ESSONNE;BD DES CHAMPS ELYSEES;91024 EVRY CEDEX;48.6410335;2.4334713;;" (13,""BD DES CHAMPS ELYSEES 91024 EVRY CEDEX"",48.6410335,2.433471313,7,19 , 5) ,"
CENTRE MEDICO-PSYCHO. 77 I 05;5 R JEAN  JAURES;77410 CLAYE SOUILLY;48.9450129;2.6828298;;" (14,""5 R JEAN  JAURES 77410 CLAYE SOUILLY"",48.9450129,2.682829822,36,18 , 27) ,"
CTRE MEDICO-PSYCHOLOGIQUE 77I04;62 R BERTRAND FLORNOY;77120 COULOMMIERS;48.8097014;3.0827256;;" (15,""62 R BERTRAND FLORNOY 77120 COULOMMIERS"",48.8097014,3.082725612,5,10 , 11) ,"
HOPITAL DE JOUR LES MARECHAUX;6 AV DE L'ILE DE FRANCE;95300 PONTOISE;49.0644797;2.094137;;" (16,""6 AV DE L'ILE DE FRANCE 95300 PONTOISE"",49.0644797,2.09413726,29,12 , 4) ,"
"CTRE LONG SEJOUR ""LES ABONDANCES""";52 R DES ABONDANCES;92100 BOULOGNE BILLANCOURT;48.8461386;2.2302831;;" (17,""52 R DES ABONDANCES 92100 BOULOGNE BILLANCOURT"",48.8461386,2.230283130,13,14 , 13) ,"
CLINIQUE DE CHATILLON;17T R DES FAUVETTES;92321 CHATILLON CEDEX;48.8071422;2.2821651;;" (18,""17T R DES FAUVETTES 92321 CHATILLON CEDEX"",48.8071422,2.282165110,13,7 , 23) ,"
CENTRE MEDICO-PSY;191 R SADI CARNOT;93170 BAGNOLET;48.8757275;2.4250856;;" (19,""191 R SADI CARNOT 93170 BAGNOLET"",48.8757275,2.425085627,37,9 , 2) ,"
C.M.P.PSY.INFANTO-JUV.- ST MAUR;91 BD RABELAIS;94100 ST MAUR DES FOSSES;48.805441;2.4832421;;" (20,""91 BD RABELAIS 94100 ST MAUR DES FOSSES"",48.805441,2.483242127,3,5 , 27) ,"
CENTRE MÉDICO-PSYCHOLOGIQUE VERDUN;41 AV DE VERDUN;93140 BONDY;48.9033263;2.4924578;;" (21,""41 AV DE VERDUN 93140 BONDY"",48.9033263,2.49245786,8,19 , 17) ,"
CENTRE DE CONVALESCENCE;32 R DU MONTGARDE;78410 AUBERGENVILLE;48.9571554;1.847143;;" (22,""32 R DU MONTGARDE 78410 AUBERGENVILLE"",48.9571554,1.84714322,36,19 , 19) ,"
CLINIQUE DE MEUDON LA FORET;3 AV DE VILLACOUBLAY;92360 MEUDON LA FORET;48.797611;2.224815;;" (23,""3 AV DE VILLACOUBLAY 92360 MEUDON LA FORET"",48.797611,2.22481510,18,6 , 3) ,"
CMP UATA ADOLESCENTS 92/01;12T R GRANDE RUE CH. DE GAULLE;92600 ASNIERES SUR SEINE;48.914155;2.285369;;" (24,""12T R GRANDE RUE CH. DE GAULLE 92600 ASNIERES SUR SEINE"",48.914155,2.28536930,31,6 , 11) ,"
HOPITAL DE JOUR GRANGE BATELIERE;13 R GRANDE BATELIERE;75009 PARIS;48.8731588;2.3419865;;" (25,""13 R GRANDE BATELIERE 75009 PARIS"",48.8731588,2.341986524,6,1 , 14) ,"
CATTP ADULTES LES CARIATIDES;11 R ABBEVILLE;75010 PARIS;48.878593;2.3503273;;" (26,""11 R ABBEVILLE 75010 PARIS"",48.878593,2.350327324,12,17 , 27) ,"
HOPITAL PRIVE D'ATHIS MONS/ SITE CARON;111 R CARON;91205 ATHIS MONS CEDEX;48.7187934;2.4100206;;" (27,""111 R CARON 91205 ATHIS MONS CEDEX"",48.7187934,2.41002067,20,18 , 27) ,"
CTRE REED. &  READ. FONCT. LE BRASSET;14 R LOUIS BRAILLE;77103 MEAUX CEDEX;48.9659983;2.8731605;;" (28,""14 R LOUIS BRAILLE 77103 MEAUX CEDEX"",48.9659983,2.87316050,38,8 , 14) ,"
CTRE DE LONG SEJOUR - HGMS DE PLAISIR;220 R MANSART;78373 PLAISIR CEDEX;48.8253391;1.9392303;;" (29,""220 R MANSART 78373 PLAISIR CEDEX"",48.8253391,1.93923032,24,6 , 26) ,"
CLINIQUE KORIAN LES NOES;46 R RAYMOND BERRURIER;78320 LE MESNIL ST DENIS;48.7435609;1.9595223;;" (30,""46 R RAYMOND BERRURIER 78320 LE MESNIL ST DENIS"",48.7435609,1.959522322,11,3 , 16) ,"
LONG SEJOUR DE L'HÔPITAL DU VESINET;72 AV DE LA PRINCESSE;78110 LE VESINET;48.882914;2.1308833;;" (31,""72 AV DE LA PRINCESSE 78110 LE VESINET"",48.882914,2.130883324,18,4 , 11) ,"
CLINIQUE DU MONT VALERIEN;128 R DANTON;92500 RUEIL MALMAISON;48.8766562;2.1999951;;" (32,""128 R DANTON 92500 RUEIL MALMAISON"",48.8766562,2.199995114,16,14 , 3) ,"
"HDJ / CMP 92G09 ""JEAN-WIER""";5 R MICHELET;92150 SURESNES;48.8766552;2.23211;;" (33,""5 R MICHELET 92150 SURESNES"",48.8766552,2.232111,27,18 , 16) ,"
CMP ADULTE CH COURBEVOIE-NEUILLY/SEINE;38 R DU PONT;92200 NEUILLY SUR SEINE;48.8878771;2.2581502;;" (34,""38 R DU PONT 92200 NEUILLY SUR SEINE"",48.8878771,2.258150219,8,11 , 3) ,"
CMP ADULTES 92G18 (AMAURY DUVAL);7 R AMAURY DUVAL;92120 MONTROUGE;48.816952;2.3239986;;" (35,""7 R AMAURY DUVAL 92120 MONTROUGE"",48.816952,2.323998610,15,7 , 22) ,"
CATTP ORANGERIE;39 R DE L'ORANGERIE;91700 STE GENEVIEVE DES BOIS;48.6403813;2.33089;;" (36,""39 R DE L'ORANGERIE 91700 STE GENEVIEVE DES BOIS"",48.6403813,2.330899,11,8 , 18) ,"
CENTRE MEDICO-PSY. 91 G 06;12 AV CHARLES DE GAULLE;91160 LONGJUMEAU;48.7051795;2.3359228;;" (37,""12 AV CHARLES DE GAULLE 91160 LONGJUMEAU"",48.7051795,2.335922812,22,19 , 10) ,"
HÔPITAL JEAN JAURÈS;9  SENTE DES DOREES;75019 PARIS;48.8870974;2.393777;;" (38,""9  SENTE DES DOREES 75019 PARIS"",48.8870974,2.39377710,21,14 , 17) ,"
CENTRE LA BRECHE AUX LOUPS;31 R LA BRÈCHE AUX LOUPS;75012 PARIS;48.8380814;2.3948933;;" (39,""31 R LA BRÈCHE AUX LOUPS 75012 PARIS"",48.8380814,2.394893324,28,4 , 9) ,"
CMP ENFANTS AP-HP ROBERT DEBRE 75I12;15 SQ DES CARDEURS;75020 PARIS;48.8585006;2.4072562;;" (40,""15 SQ DES CARDEURS 75020 PARIS"",48.8585006,2.40725623,3,13 , 27) ,"
CLINIQUE DES LILAS;41 AV DU MARECHAL JUIN;93260 LES LILAS;48.8790004;2.4224619;;" (41,""41 AV DU MARECHAL JUIN 93260 LES LILAS"",48.8790004,2.422461920,17,2 , 27) ,"
CMP INF-JUV DOHIS;6 R DOHIS;94300 VINCENNES;48.8464513;2.4224998;;" (42,""6 R DOHIS 94300 VINCENNES"",48.8464513,2.422499814,33,16 , 1) ,"
HOP. LOCAL DE BRIE-COMTE-ROBERT;17 R PETIT DE BEAUVERGER;77255 BRIE COMTE ROBERT CEDEX;48.6941189;2.606221;;" (43,""17 R PETIT DE BEAUVERGER 77255 BRIE COMTE ROBERT CEDEX"",48.6941189,2.60622115,4,9 , 26) ,"
CENTRE HOSPITALIER DE NEMOURS;15 R DES CHAUDINS;77796 NEMOURS CEDEX;48.2621834;2.7053384;;" (44,""15 R DES CHAUDINS 77796 NEMOURS CEDEX"",48.2621834,2.705338425,23,18 , 7) ,"
CHI POISSY ST-GERMAIN SITE DE POISSY;10 R DU CHAMP GAILLARD;78303 POISSY CEDEX;48.9186098;2.0226947;;" (45,""10 R DU CHAMP GAILLARD 78303 POISSY CEDEX"",48.9186098,2.022694722,23,8 , 17) ,"
CENTRE PEDIATRIQUE DES COTES;;78350 LES LOGES EN JOSAS;48.764287;2.140358;;" (46,"" 78350 LES LOGES EN JOSAS"",48.764287,2.14035829,35,9 , 7) ,"
APPARTEMENT THERAPEUTIQUE 95G06;18 R PARMENTIER;95870 BEZONS;48.9297453;2.2159838;;" (47,""18 R PARMENTIER 95870 BEZONS"",48.9297453,2.215983826,5,13 , 5) ,"
CENTRE CHIRURGICAL DES PRINCES;13 RPT ANDRE MALRAUX;92100 BOULOGNE BILLANCOURT;48.8405307;2.2475657;;" (48,""13 RPT ANDRE MALRAUX 92100 BOULOGNE BILLANCOURT"",48.8405307,2.247565728,28,6 , 10) ,"
"HDJ / CMP 92I06 ""JOAN RIVIÈRE""";18 R CAMILLE PELLETAN;92120 MONTROUGE;48.8167255;2.3095402;;" (49,""18 R CAMILLE PELLETAN 92120 MONTROUGE"",48.8167255,2.309540215,36,9 , 11) ,"
CLINIQUE DE LA JONQUIERE;27 R DE LA JONQUIERE;75017 PARIS;48.8935347;2.3246893;;" (50,""27 R DE LA JONQUIERE 75017 PARIS"",48.8935347,2.32468935,30,5 , 25) ,"
INSTITUT ARTHUR VERNES;36 R D'ASSAS;75006 PARIS;48.8476081;2.3295914;;" (51,""36 R D'ASSAS 75006 PARIS"",48.8476081,2.329591422,32,19 , 10) ,"
CENTRE DE SANTE SEMION GLUZMAN;6 R AUGUSTE POULLAIN;93200 ST DENIS;48.9407438;2.3559732;;" (52,""6 R AUGUSTE POULLAIN 93200 ST DENIS"",48.9407438,2.35597322,34,6 , 25) ,"
UNITE HOSP CLOS BESNARD AUBERVILLIERS;R DU CLOS BENARD;93300 AUBERVILLIERS;48.9110482;2.386525;;" (53,""R DU CLOS BENARD 93300 AUBERVILLIERS"",48.9110482,2.38652525,13,6 , 4) ,"
CENTRE MEDICO-PSYCH.C.BERNARD;5 ALL CLAUDE BERNARD;93440 DUGNY;48.9541807;2.4141007;;" (54,""5 ALL CLAUDE BERNARD 93440 DUGNY"",48.9541807,2.41410078,0,15 , 12) ,"
CATTP;2 PL DE LA BOULAIE;94470 BOISSY ST LEGER;48.7536669;2.4996226;;" (55,""2 PL DE LA BOULAIE 94470 BOISSY ST LEGER"",48.7536669,2.499622621,26,11 , 2) ,"
CENTRE MEDICO-PSYCHOLOGIQUE 93-G07;30 R VERCINGETORIX;93600 AULNAY SOUS BOIS;48.9251367;2.5014437;;" (56,""30 R VERCINGETORIX 93600 AULNAY SOUS BOIS"",48.9251367,2.501443713,2,7 , 2) ,"
CLINIQUE GERIATRIQUE LES VALLEES;86 R DU ROLE;91800 BRUNOY;48.7032474;2.518798;;" (57,""86 R DU ROLE 91800 BRUNOY"",48.7032474,2.5187983,29,14 , 7) ,"
CENTRE HOSP. MAISON-BLANCHE;3 AV JEAN JAURES;93330 NEUILLY SUR MARNE;48.8628283;2.5456381;;" (58,""3 AV JEAN JAURES 93330 NEUILLY SUR MARNE"",48.8628283,2.545638121,5,3 , 3) ,"
CENTRE MEDICO-PSYCHO.R.ROLLAND;7 ALL ROMAIN ROLLAND;93390 CLICHY SOUS BOIS;48.90474;2.5555132;;" (59,""7 ALL ROMAIN ROLLAND 93390 CLICHY SOUS BOIS"",48.90474,2.55551322,13,18 , 9) ,"
C.H. DE MEAUX;6 R SAINT FIACRE;77104 MEAUX CEDEX;48.9672432;2.8841968;;" (60,""6 R SAINT FIACRE 77104 MEAUX CEDEX"",48.9672432,2.884196823,16,13 , 6) ,"
CENTRE MEDICO-CHIRURGICAL DE L'EUROPE;9B R DE SAINT GERMAIN;78560 LE PORT MARLY;48.8805256;2.1085083;;" (61,""9B R DE SAINT GERMAIN 78560 LE PORT MARLY"",48.8805256,2.108508324,35,20 , 13) ,"
CLINIQUE SAINTE-ISABELLE;24 BD DU CHATEAU;92200 NEUILLY SUR SEINE;48.8903212;2.2698414;;" (62,""24 BD DU CHATEAU 92200 NEUILLY SUR SEINE"",48.8903212,2.26984144,1,15 , 27) ,"
CMP  INF-JUV ANATOLE  FRANCE;33 AV ANATOLE FRANCE;94220 CHARENTON LE PONT;48.8244793;2.4110188;;" (63,""33 AV ANATOLE FRANCE 94220 CHARENTON LE PONT"",48.8244793,2.411018829,8,8 , 21) ,"
MATERNITE DES LILAS;12 R DU COQ FRANCAIS;93260 LES LILAS;48.8786012;2.4148143;;" (64,""12 R DU COQ FRANCAIS 93260 LES LILAS"",48.8786012,2.414814316,38,16 , 2) ,"
SMUR PEDIA.AVICENNE AP-HP;56 BD DE LA BOISSIERE;93100 MONTREUIL;48.878406;2.4533091;;" (65,""56 BD DE LA BOISSIERE 93100 MONTREUIL"",48.878406,2.453309129,1,20 , 20) ,"
KORIAN ROGER SALENGRO;1 BD ROGER SALENGRO;93130 NOISY LE SEC;48.887764;2.4566499;;" (66,""1 BD ROGER SALENGRO 93130 NOISY LE SEC"",48.887764,2.45664995,34,11 , 2) ,"
CENTRE HOSPITALIER DE GONESSE;R BERNARD FEVRIER;95503 GONESSE CEDEX;48.984332;2.460589;;" (67,""R BERNARD FEVRIER 95503 GONESSE CEDEX"",48.984332,2.46058917,16,3 , 14) ,"
CMP JOYEUSE;18 R JOYEUSE;94340 JOINVILLE LE PONT;48.818783;2.4764719;;" (68,""18 R JOYEUSE 94340 JOINVILLE LE PONT"",48.818783,2.476471912,32,17 , 17) ,"
CLINIQUE DE L'AURORE;168B R DU GENERAL LECLERC;93110 ROSNY SOUS BOIS;48.8655769;2.4952363;;" (69,""168B R DU GENERAL LECLERC 93110 ROSNY SOUS BOIS"",48.8655769,2.49523630,24,9 , 5) ,"
CENTRE MEDICO-PSY. 77 G 03;9 R BONTEMPS;77000 MELUN;48.539438;2.6669933;;" (70,""9 R BONTEMPS 77000 MELUN"",48.539438,2.66699336,37,8 , 11) ,"
CENTRE HOSPITALIER DE COULOMMIERS;4 R GABRIEL PERI;77527 COULOMMIERS CEDEX;48.8266164;3.0977722;;" (71,""4 R GABRIEL PERI 77527 COULOMMIERS CEDEX"",48.8266164,3.097772211,0,5 , 7) ,"
CTRE DE READ.FONCT.DE RICHEBOURG;22 RTE DE GRESSEY;78550 RICHEBOURG;48.8251055;1.6344206;;" (72,""22 RTE DE GRESSEY 78550 RICHEBOURG"",48.8251055,1.63442068,38,7 , 3) ,"
HOPITAL DE JOUR DE MEDECINE;403 AV DE LA REPUBLIQUE;92014 NANTERRE CEDEX;48.9122171;2.2236494;;" (73,""403 AV DE LA REPUBLIQUE 92014 NANTERRE CEDEX"",48.9122171,2.223649412,17,6 , 9) ,"
CENTRE TISSERAND;11 R TISSERAND;75015 PARIS;48.8406532;2.2842274;;" (74,""11 R TISSERAND 75015 PARIS"",48.8406532,2.284227422,8,13 , 7) ,"
C.A.S.A.;5 R AVAULEE;92240 MALAKOFF;48.8164734;2.2922346;;" (75,""5 R AVAULEE 92240 MALAKOFF"",48.8164734,2.29223461,14,8 , 19) ,"
CLINIQUE DENTAIRE J.DELIBERO (AP-HP);45 R LA TOUR D'AUVERGNE;75009 PARIS;48.8797379;2.3409384;;" (76,""45 R LA TOUR D'AUVERGNE 75009 PARIS"",48.8797379,2.340938421,7,19 , 6) ,"
CTRE MEDICO-PSY. 91 G 01 & CATTP;16 RTE DE GUIGNEVILLE;91590 LA FERTE ALAIS;48.4787543;2.3533959;;" (77,""16 RTE DE GUIGNEVILLE 91590 LA FERTE ALAIS"",48.4787543,2.353395919,39,11 , 10) ,"
CENTRE LOUIS LE GUILLANT;25 R SERVAN;75011 PARIS;48.8603525;2.3833278;;" (78,""25 R SERVAN 75011 PARIS"",48.8603525,2.38332788,19,14 , 13) ,"
CENTRE MEDICO-PSYCHOLOGIQUE 94G17;7B AV DU GENERAL DE GAULLE;94320 THIAIS;48.7666946;2.3844987;;" (79,""7B AV DU GENERAL DE GAULLE 94320 THIAIS"",48.7666946,2.384498729,20,20 , 25) ,"
CLINIQUE CHIRURGICALE DE VITRY;22 R DE LA PETITE SAUSSAIE;94400 VITRY SUR SEINE;48.7856378;2.3894821;;" (80,""22 R DE LA PETITE SAUSSAIE 94400 VITRY SUR SEINE"",48.7856378,2.38948210,38,2 , 24) ,"
HÔPITAL PRIVÉ DE MARNE-LA-VALLÉE;33 R LÉON MENU;94360 BRY SUR MARNE;48.8392317;2.5381791;;" (81,""33 R LÉON MENU 94360 BRY SUR MARNE"",48.8392317,2.538179121,20,6 , 25) ,"
UNITE PSYCHIATRIQUE  77G09-G10;4 R DES MOULINS;77120 COULOMMIERS;48.8141281;3.0828808;;" (82,""4 R DES MOULINS 77120 COULOMMIERS"",48.8141281,3.082880814,10,0 , 19) ,"
CENTRE MEDICO-PSY. 78 I 05;2 SQ DU BAZOIS;78310 MAUREPAS;48.762121;1.9426057;;" (83,""2 SQ DU BAZOIS 78310 MAUREPAS"",48.762121,1.942605728,11,15 , 24) ,"
HOPITAL ANTOINE BECLERE (AP-HP);157 R DE LA PTE DE TRIVAUX;92140 CLAMART;48.7885168;2.2549009;;" (84,""157 R DE LA PTE DE TRIVAUX 92140 CLAMART"",48.7885168,2.254900913,11,8 , 12) ,"
CLIN. NEURO-PSY LES PERVENCHES;12 R DES MOULINS A VENT;92260 FONTENAY AUX ROSES;48.7949824;2.2778673;;" (85,""12 R DES MOULINS A VENT 92260 FONTENAY AUX ROSES"",48.7949824,2.277867330,34,8 , 6) ,"
HOPITAL DE JOUR G08;6B R NATIONALE;95260 BEAUMONT SUR OISE;49.1429004;2.2849376;;" (86,""6B R NATIONALE 95260 BEAUMONT SUR OISE"",49.1429004,2.284937627,6,2 , 22) ,"
C.H. EAUBONNE MONTMORENCY -SIMONE VEIL;1 R JEAN MOULIN;95160 MONTMORENCY;48.9868707;2.3175378;;" (87,""1 R JEAN MOULIN 95160 MONTMORENCY"",48.9868707,2.31753780,11,10 , 20) ,"
CMP SAINT-OUEN;11 R JEAN;93400 ST OUEN;48.9092247;2.3340527;;" (88,""11 R JEAN 93400 ST OUEN"",48.9092247,2.33405273,37,11 , 3) ,"
CLINIQUE DE L'ESTREE;35 R D'AMIENS;93245 STAINS CEDEX;48.9538208;2.3680389;;" (89,""35 R D'AMIENS 93245 STAINS CEDEX"",48.9538208,2.368038925,2,1 , 23) ,"
CATTP ADULTES GAMBETTA;14 R DES TOURELLES;75020 PARIS;48.874762;2.4047613;;" (90,""14 R DES TOURELLES 75020 PARIS"",48.874762,2.404761327,0,14 , 19) ,"
CENTRE MUNICIPAL DE SANTE;8 R NEBECKER;93440 DUGNY;48.952179;2.416983;;" (91,""8 R NEBECKER 93440 DUGNY"",48.952179,2.41698321,7,16 , 26) ,"
CTRE MEDICO-PSYCH.REPUBLIQUE;2 R DE LA REPUBLIQUE;93700 DRANCY;48.9219749;2.4456063;;" (92,""2 R DE LA REPUBLIQUE 93700 DRANCY"",48.9219749,2.445606319,22,19 , 10) ,"
VILLA FLORENTINE UNITE PSY 77G17;3 AV DE L'AVENIR;77340 PONTAULT COMBAULT;48.8034516;2.6121832;;" (93,""3 AV DE L'AVENIR 77340 PONTAULT COMBAULT"",48.8034516,2.61218323,29,4 , 2) ,"
INSTITUT MGEN DE LA VERRIERE;2 RTE DE MONTFORT;78320 LA VERRIERE;48.7515616;1.9459997;;" (94,""2 RTE DE MONTFORT 78320 LA VERRIERE"",48.7515616,1.94599972,38,10 , 7) ,"
CENTRE MEDICO PSYCHOLOGIQUE 78 G 10;80 BD DE LA REINE;78000 VERSAILLES;48.8087366;2.1336057;;" (95,""80 BD DE LA REINE 78000 VERSAILLES"",48.8087366,2.13360574,24,3 , 1) ,"
CMP+CATTP;144 R SALVADOR ALLENDE;92000 NANTERRE;48.8936264;2.2268048;;" (96,""144 R SALVADOR ALLENDE 92000 NANTERRE"",48.8936264,2.226804815,38,4 , 13) ,"
CENTRE HOSPITALIER D'ARPAJON;18 AV DE  VERDUN;91294 ARPAJON CEDEX;48.584486;2.244365;;" (97,""18 AV DE  VERDUN 91294 ARPAJON CEDEX"",48.584486,2.24436524,36,3 , 13) ,"
APPARTEMENT THERAPEUTIQUE ARMME;6 R DU VALLON VERT;95680 MONTLIGNON;49.0051866;2.2793826;;" (98,""6 R DU VALLON VERT 95680 MONTLIGNON"",49.0051866,2.279382615,32,2 , 24) ,"
HOPITAL DE JOUR D'ANTONY;37 AV LEON JOUHAUX;92167 ANTONY CEDEX;48.735699;2.3052267;;" (99,""37 AV LEON JOUHAUX 92167 ANTONY CEDEX"",48.735699,2.30522671,11,11 , 27) ,"
CATTP ADULTES LEBOUTEUX;5 R LEBOUTEUX;75017 PARIS;48.8833659;2.3161394;;" (100,""5 R LEBOUTEUX 75017 PARIS"",48.8833659,2.316139410,5,12 , 16) ,"
CATTP ADULTES 75G12;22 R LA GLACIÈRE;75013 PARIS;48.8358663;2.3450448;;" (101,""22 R LA GLACIÈRE 75013 PARIS"",48.8358663,2.34504487,7,16 , 21) ,"
CMP DE MORSANG 91 G 08;9 R PAILLARD;91390 MORSANG SUR ORGE;48.6629802;2.3510034;;" (102,""9 R PAILLARD 91390 MORSANG SUR ORGE"",48.6629802,2.35100340,14,7 , 9) ,"
HOPITAL DE JOUR ALFORTVILLE;9 AV DU GÉNÉRAL LECLERC;94140 ALFORTVILLE;48.8003209;2.4201268;;" (103,""9 AV DU GÉNÉRAL LECLERC 94140 ALFORTVILLE"",48.8003209,2.420126817,12,0 , 12) ,"
CMP MEAUX PIERRE COLLINET  77G11;40 AV DE LA CONCORDE;77100 MEAUX;48.9513558;2.9105034;;" (104,""40 AV DE LA CONCORDE 77100 MEAUX"",48.9513558,2.910503427,20,20 , 27) ,"
CATTP 77I04;62 R BERTRAND FLORNOY;77120 COULOMMIERS;48.8097014;3.0827256;;" (105,""62 R BERTRAND FLORNOY 77120 COULOMMIERS"",48.8097014,3.082725619,13,6 , 2) ,"
CMP CHAMIGNY;R DE CHAMIGNY;77260 LA FERTE SOUS JOUARRE;48.9690536;3.1160352;;" (106,""R DE CHAMIGNY 77260 LA FERTE SOUS JOUARRE"",48.9690536,3.11603520,12,15 , 12) ,"
CMP;10 R DE L'ECLIPSE;95000 CERGY;49.0512627;2.0304689;;" (107,""10 R DE L'ECLIPSE 95000 CERGY"",49.0512627,2.03046893,15,20 , 9) ,"
SERVICE MEDICO-PSYCHOLOGIQUE REGIONAL;5B R ALEXANDRE TURPAULT;78390 BOIS D ARCY;48.8049314;2.0347148;;" (108,""5B R ALEXANDRE TURPAULT 78390 BOIS D ARCY"",48.8049314,2.034714810,32,15 , 11) ,"
FOYER DE POST-CURE HOP. DE NUIT;2 R DES GOULVENTS;92000 NANTERRE;48.8903182;2.1905973;;" (109,""2 R DES GOULVENTS 92000 NANTERRE"",48.8903182,2.19059733,20,14 , 7) ,"
CLINIQUE MED. PEDAGOGIQUE EDOUARD RIST;14 R BOILEAU;75016 PARIS;48.8464867;2.2652721;;" (110,""14 R BOILEAU 75016 PARIS"",48.8464867,2.26527210,24,18 , 2) ,"
CENTRE DE SOINS LONG SEJOUR MAGNOLIAS;77 R DU PERRAY;91160 BALLAINVILLIERS;48.659196;2.2838546;;" (111,""77 R DU PERRAY 91160 BALLAINVILLIERS"",48.659196,2.283854624,30,1 , 21) ,"
HOPITAL DE JOUR 91I02  SAVIGNY;89 R DU BILLOIR;91600 SAVIGNY SUR ORGE;48.6751166;2.3429338;;" (112,""89 R DU BILLOIR 91600 SAVIGNY SUR ORGE"",48.6751166,2.342933828,0,14 , 6) ,"
FOYER POST-CURE RENE CAPITANT;8 R LANNEAU;75005 PARIS;48.8483432;2.3466214;;" (113,""8 R LANNEAU 75005 PARIS"",48.8483432,2.346621424,31,1 , 4) ,"
HOPITAL LARIBOISERE;2 R AMBROISE PARE;75475 PARIS CEDEX 10;48.8819273;2.3527289;;" (114,""2 R AMBROISE PARE 75475 PARIS CEDEX 10"",48.8819273,2.352728920,30,17 , 25) ,"
CLINIQUE DE READAPTATION;32 R VICTOR HUGO;93380 PIERREFITTE SUR SEINE;48.9637837;2.363612;;" (115,""32 R VICTOR HUGO 93380 PIERREFITTE SUR SEINE"",48.9637837,2.3636127,24,4 , 13) ,"
CLINIQUE DU PARC DE BELLEVILLE;104 R DES COURONNES;75020 PARIS;48.8710419;2.3887031;;" (116,""104 R DES COURONNES 75020 PARIS"",48.8710419,2.388703121,30,15 , 1) ,"
C.M.P.PSY.INFANTO-JUV. - BRY/M;2 AV JULES FERRY;94360 BRY SUR MARNE;48.8400048;2.5224073;;" (117,""2 AV JULES FERRY 94360 BRY SUR MARNE"",48.8400048,2.522407318,19,19 , 17) ,"
CATTP ESPACE H. ZEPHIR 94G04;28 R DU CLOS DES PERROQUETS;94500 CHAMPIGNY SUR MARNE;48.8180474;2.5463851;;" (118,""28 R DU CLOS DES PERROQUETS 94500 CHAMPIGNY SUR MARNE"",48.8180474,2.546385125,27,17 , 13) ,"
CENTRE MEDICO-PSY;20 R DES FOSSES;77250 MORET SUR LOING;48.3714803;2.8151404;;" (119,""20 R DES FOSSES 77250 MORET SUR LOING"",48.3714803,2.815140419,33,20 , 16) ,"
HOPITAL DE JOUR HENRI MATISSE 78G09;10 AV JEAN JAURES;78360 MONTESSON;48.9054939;2.1521499;;" (120,""10 AV JEAN JAURES 78360 MONTESSON"",48.9054939,2.152149912,21,3 , 14) ,"
CMP FRANCONVILLE;38 R DE LA STATION;95130 FRANCONVILLE LA GARENNE;48.99071;2.222572;;" (121,""38 R DE LA STATION 95130 FRANCONVILLE LA GARENNE"",48.99071,2.22257222,23,18 , 8) ,"
CATTP 92G09;14 AV DU GENERAL DE GAULLE;92150 SURESNES;48.8695275;2.2241673;;" (122,""14 AV DU GENERAL DE GAULLE 92150 SURESNES"",48.8695275,2.224167326,29,5 , 15) ,"
HOP PRIVE GERIAT LES MAGNOLIAS;77 R DU PERRAY;91160 BALLAINVILLIERS;48.659196;2.2838546;;" (123,""77 R DU PERRAY 91160 BALLAINVILLIERS"",48.659196,2.28385467,30,7 , 22) ,"
CMP CENTRE PSYCHOSOMATIQUE:IPSO;20 R BELLIER-DEDOUVRE;75013 PARIS;48.824971;2.3506495;;" (124,""20 R BELLIER-DEDOUVRE 75013 PARIS"",48.824971,2.350649519,40,11 , 16) ,"
MAISON D'ARRET DE FLEURY MEROGIS;7 AV DES PEUPLIERS;91700 FLEURY MEROGIS;48.6424141;2.3661604;;" (125,""7 AV DES PEUPLIERS 91700 FLEURY MEROGIS"",48.6424141,2.366160420,26,4 , 7) ,"
CATTP ADULTES DENISE GREY;7 R DU BUISSON SAINT-LOUIS;75010 PARIS;48.8720625;2.3728644;;" (126,""7 R DU BUISSON SAINT-LOUIS 75010 PARIS"",48.8720625,2.372864416,13,3 , 24) ,"
CENTRE LA ROQUETTE;63 R DE LA ROQUETTE;75011 PARIS;48.8558373;2.3752069;;" (127,""63 R DE LA ROQUETTE 75011 PARIS"",48.8558373,2.375206930,39,15 , 13) ,"
CENTRE MEDICO-PSYCH.A.RIMBAUD;1 ALL ARTHUR RIMBAUD;93240 STAINS;48.9497492;2.3760491;;" (128,""1 ALL ARTHUR RIMBAUD 93240 STAINS"",48.9497492,2.376049125,26,20 , 6) ,"
GHHMAC SITE ALBERT CHENEVIER;40 R DE MESLY;94010 CRETEIL CEDEX;48.7903573;2.4608275;;" (129,""40 R DE MESLY 94010 CRETEIL CEDEX"",48.7903573,2.460827521,21,15 , 22) ,"
CMP LECLERC;87 AV DU GENERAL LECLERC;91800 BRUNOY;48.6863547;2.492543;;" (130,""87 AV DU GENERAL LECLERC 91800 BRUNOY"",48.6863547,2.49254312,14,2 , 10) ,"
CLINIQUE KORIAN JONCS MARINS;6 R JOULEAU;94170 LE PERREUX SUR MARNE;48.8528889;2.5077614;;" (131,""6 R JOULEAU 94170 LE PERREUX SUR MARNE"",48.8528889,2.50776147,28,0 , 3) ,"
CENTRE MEDICO-PSY. SECT 78 G 16;42 R DE PARIS;78550 HOUDAN;48.7927308;1.6004891;;" (132,""42 R DE PARIS 78550 HOUDAN"",48.7927308,1.600489123,34,7 , 5) ,"
USLD DU CH DOURDAN;2 R DU POTELET;91415 DOURDAN CEDEX;48.5344717;2.0015416;;" (133,""2 R DU POTELET 91415 DOURDAN CEDEX"",48.5344717,2.001541618,8,19 , 10) ,"
ANTENNE MEDICO PSY 78G13;9 ALL DU COMMERCE;78041 GUYANCOURT CEDEX;48.7753959;2.0733046;;" (134,""9 ALL DU COMMERCE 78041 GUYANCOURT CEDEX"",48.7753959,2.073304621,5,14 , 15) ,"
CENTRE MAURER;10 R GASTON MAURER;95870 BEZONS;48.935575;2.2153667;;" (135,""10 R GASTON MAURER 95870 BEZONS"",48.935575,2.21536675,4,11 , 24) ,"
LONG SEJOUR HOPITAL L'ISLE ADAM;9 R CHANTEPIE MANCIER;95290 L ISLE ADAM;49.1136038;2.2233553;;" (136,""9 R CHANTEPIE MANCIER 95290 L ISLE ADAM"",49.1136038,2.223355330,27,3 , 9) ,"
UNITE GERONTIQUE LA COLLEGIALE (AP-HP);33 R DU FER A MOULIN;75005 PARIS;48.8386888;2.3523275;;" (137,""33 R DU FER A MOULIN 75005 PARIS"",48.8386888,2.352327527,15,12 , 2) ,"
FOYER DE POST-CURE ILOT WATTEAU;13 R DU BANQUIER;75013 PARIS;48.8358109;2.3568493;;" (138,""13 R DU BANQUIER 75013 PARIS"",48.8358109,2.35684934,16,6 , 3) ,"
HOPITAL PRIVE DE THIAIS;112 AV DU GENERAL DE GAULLE;94320 THIAIS;48.7686265;2.3690784;;" (139,""112 AV DU GENERAL DE GAULLE 94320 THIAIS"",48.7686265,2.369078426,39,3 , 2) ,"
CATTP JARDIN D'ENFANTS THERAPEUTIQUE;114 AV DE FLANDRE;75019 PARIS;48.8919202;2.3786238;;" (140,""114 AV DE FLANDRE 75019 PARIS"",48.8919202,2.37862389,6,15 , 14) ,"
UNITE PSYCHIATRIQUE DU BOIS DE BONDY;13 VOI PROMENADE;93140 BONDY;48.906008;2.481875;;" (141,""13 VOI PROMENADE 93140 BONDY"",48.906008,2.4818752,18,16 , 13) ,"
CENTRE MEDICO-PSYCHO. 77 I 02;70 ALL JEAN PHILIPPE RAMEAU;77190 DAMMARIE LES LYS;48.5167314;2.6360901;;" (142,""70 ALL JEAN PHILIPPE RAMEAU 77190 DAMMARIE LES LYS"",48.5167314,2.63609013,6,10 , 2) ,"
CMP CTRE SOCIO CULTUREL 77 G 12;PL DE L'EGLISE;77165 ST SOUPPLETS;49.0035533;2.7684378;;" (143,""PL DE L'EGLISE 77165 ST SOUPPLETS"",49.0035533,2.768437820,28,8 , 18) ,"
CENTRE MEDICO-PSY.78G01;8 R MOZART;78200 MANTES LA JOLIE;48.9981787;1.6793431;;" (144,""8 R MOZART 78200 MANTES LA JOLIE"",48.9981787,1.679343123,30,19 , 2) ,"
POLYCLINIQUE REGION MANTAISE;23 BD VICTOR DUHAMEL;78200 MANTES LA JOLIE;48.9848695;1.7168418;;" (145,""23 BD VICTOR DUHAMEL 78200 MANTES LA JOLIE"",48.9848695,1.716841819,7,5 , 2) ,"
CENTRE MEDICO CHIRURGICAL DE PARLY II;21 R MOXOURIS;78150 LE CHESNAY;48.830203;2.1198163;;" (146,""21 R MOXOURIS 78150 LE CHESNAY"",48.830203,2.11981636,7,13 , 23) ,"
CONSULTATION MEDICO-PSY. DE L'ARIS;22B R GENERAL EXELMANS;78140 VELIZY VILLACOUBLAY;48.7809467;2.1987143;;" (147,""22B R GENERAL EXELMANS 78140 VELIZY VILLACOUBLAY"",48.7809467,2.198714324,22,2 , 17) ,"
CENTRE PSYCHOTHÉRAPIQUE DUTOT AURORE;137 R DE LA CONVENTION;75015 PARIS;48.8398738;2.2906453;;" (148,""137 R DE LA CONVENTION 75015 PARIS"",48.8398738,2.290645330,20,20 , 10) ,"
CLINIQUE BIZET;23 R GEORGES BIZET;75016 PARIS;48.8676646;2.2968021;;" (149,""23 R GEORGES BIZET 75016 PARIS"",48.8676646,2.296802130,35,6 , 5) ,"
CENTRE  MATHURIN REGNIER;14 R MATHURIN REGNIER;75015 PARIS;48.8404815;2.30717;;" (150,""14 R MATHURIN REGNIER 75015 PARIS"",48.8404815,2.307177,23,19 , 26) ,"
HOPITAL DE JOUR GRENELLE;164 R DE GRENELLE;75007 PARIS;48.8580522;2.3089662;;" (151,""164 R DE GRENELLE 75007 PARIS"",48.8580522,2.30896626,37,14 , 2) ,"
CLINIQUE DU GRAND STADE;130 R DANIELLE CASANOVA;93200 ST DENIS;48.9260673;2.3666531;;" (152,""130 R DANIELLE CASANOVA 93200 ST DENIS"",48.9260673,2.366653117,38,18 , 7) ,"
CENTRE MEDICO-PSY. 95I03;2 R TOULOUSE LAUTREC;95140 GARGES LES GONESSE;48.9765618;2.3925972;;" (153,""2 R TOULOUSE LAUTREC 95140 GARGES LES GONESSE"",48.9765618,2.392597213,9,18 , 4) ,"
CENTRE MEDICO PSYCHOLOGIQUE;49 R DES MARAIS;93000 BOBIGNY;48.9062952;2.4368903;;" (154,""49 R DES MARAIS 93000 BOBIGNY"",48.9062952,2.436890314,19,16 , 8) ,"
CENTRE MEDICO-PSY. 91 G 08;4 R RENOIR;91108 CORBEIL ESSONNES CEDEX;48.6180844;2.4627716;;" (155,""4 R RENOIR 91108 CORBEIL ESSONNES CEDEX"",48.6180844,2.462771617,40,16 , 24) ,"
FOYER DE POST CURE DE 2 SECT;1 PL DU 11 NOVEMBRE 1918;94360 BRY SUR MARNE;48.83916;2.5224;;" (156,""1 PL DU 11 NOVEMBRE 1918 94360 BRY SUR MARNE"",48.83916,2.52246,2,19 , 22) ,"
KORIAN SULLY;62 AV DE SULLY;93190 LIVRY GARGAN;48.9158853;2.5252112;;" (157,""62 AV DE SULLY 93190 LIVRY GARGAN"",48.9158853,2.525211230,23,4 , 22) ,"
CATTP;19 AV VICTOR HUGO;93370 MONTFERMEIL;48.9021491;2.5610166;;" (158,""19 AV VICTOR HUGO 93370 MONTFERMEIL"",48.9021491,2.561016619,22,16 , 17) ,"
CLINIQUE SAINT-BRICE;RTE EPARMAILLES;77160 ST BRICE;48.561466;3.316633;;" (159,""RTE EPARMAILLES 77160 ST BRICE"",48.561466,3.31663321,12,20 , 6) ,"
HOPITAL DE JOUR PARC MONTSOURIS;20 BD JOURDAN;75014 PARIS;48.8199718;2.3417089;;" (160,""20 BD JOURDAN 75014 PARIS"",48.8199718,2.341708913,29,20 , 15) ,"
INSTITUT GUSTAVE ROUSSY;39 R CAMILLE DESMOULINS;94805 VILLEJUIF CEDEX;48.7959493;2.3489456;;" (161,""39 R CAMILLE DESMOULINS 94805 VILLEJUIF CEDEX"",48.7959493,2.348945628,14,16 , 24) ,"
CENTRE SAMPAIX;21 R LUCIEN SAMPAIX;75010 PARIS;48.8723996;2.3609359;;" (162,""21 R LUCIEN SAMPAIX 75010 PARIS"",48.8723996,2.360935929,8,7 , 18) ,"
CENTRE MEDICO PSYCHO.INFANTILE;13 R DES MARRONNIERS;93380 PIERREFITTE SUR SEINE;48.9633736;2.3691877;;" (163,""13 R DES MARRONNIERS 93380 PIERREFITTE SUR SEINE"",48.9633736,2.369187711,28,20 , 7) ,"
CENTRE MEDICO-PSYCH.DURAND;36 R JEAN DURAND;93240 STAINS;48.9561124;2.3789623;;" (164,""36 R JEAN DURAND 93240 STAINS"",48.9561124,2.37896237,37,7 , 2) ,"
LABM CTRE HEMOBIO PERINAT;53 BD DIDEROT;75012 PARIS;48.846965;2.3820807;;" (165,""53 BD DIDEROT 75012 PARIS"",48.846965,2.382080713,32,16 , 5) ,"
CENTRE MEDICO-PSY. 91 G 13 CHSF;34 ALL JEAN ROSTAND;91000 EVRY;48.6251205;2.4315412;;" (166,""34 ALL JEAN ROSTAND 91000 EVRY"",48.6251205,2.431541229,34,5 , 5) ,"
HOPITAL DE JOUR FONTENAY S/BOIS;8 R DE NEUILLY;94120 FONTENAY SOUS BOIS;48.8474199;2.4723505;;" (167,""8 R DE NEUILLY 94120 FONTENAY SOUS BOIS"",48.8474199,2.47235051,31,18 , 11) ,"
HOPITAL DE JOUR SECT. 78 G 1;79 R DE GASSICOURT;78200 MANTES LA JOLIE;48.9945972;1.7059401;;" (168,""79 R DE GASSICOURT 78200 MANTES LA JOLIE"",48.9945972,1.705940119,11,19 , 2) ,"
CENTRE MEDICO-PSY SECT.78 I 2;14 R DE L'ECHO;78570 CHANTELOUP LES VIGNES;48.972673;2.027372;;" (169,""14 R DE L'ECHO 78570 CHANTELOUP LES VIGNES"",48.972673,2.02737212,31,10 , 15) ,"
CTRE D'ACCUEIL THERAP.A TEMPS PARTIEL;142  PORTE DE TRIVAUX;92140 CLAMART;48.78479;2.235239;;" (170,""142  PORTE DE TRIVAUX 92140 CLAMART"",48.78479,2.23523926,16,18 , 26) ,"
CENTRE ELISABETH DE LA PANOUSE;37 R JULIEN PERIN;92160 ANTONY;48.7536034;2.2857351;;" (171,""37 R JULIEN PERIN 92160 ANTONY"",48.7536034,2.285735111,38,10 , 10) ,"
CENTRE DE JOUR-CATTP;QU DE LA RAPEE;75012 PARIS;48.8408083;2.3881833;;" (172,""QU DE LA RAPEE 75012 PARIS"",48.8408083,2.388183322,3,12 , 27) ,"
CENTRE D'ACCUEIL THERAPEUTIQUE;4 COUR DE LA REPUBLIQUE;93140 BONDY;48.9027174;2.4804485;;" (173,""4 COUR DE LA REPUBLIQUE 93140 BONDY"",48.9027174,2.48044858,12,3 , 25) ,"
APPARTEMENT THERAPEUTIQUE GAGNY;20 AV DES DAHLIAS;93220 GAGNY;48.8936883;2.5450364;;" (174,""20 AV DES DAHLIAS 93220 GAGNY"",48.8936883,2.545036429,0,9 , 13) ,"
CMPR DE BAZINCOURT;RTE DE VERNEUIL;78130 CHAPET;48.970397;1.944629;;" (175,""RTE DE VERNEUIL 78130 CHAPET"",48.970397,1.94462913,38,18 , 8) ,"
CENTRE MEDICO PSY. 91 G 02;27  PROMENADE DES PRES;91150 ETAMPES;48.4321329;2.163349;;" (176,""27  PROMENADE DES PRES 91150 ETAMPES"",48.4321329,2.16334930,8,9 , 17) ,"
CENTRE MEDICO-PSY. 91.G.14;25  RUE LES HAUTES PLAINES;91940 LES ULIS;48.6838816;2.1635754;;" (177,""25  RUE LES HAUTES PLAINES 91940 LES ULIS"",48.6838816,2.163575418,8,17 , 18) ,"
HOPITAL HENRY DUNANT;95 R MICHEL-ANGE;75016 PARIS;48.8402399;2.2581138;;" (178,""95 R MICHEL-ANGE 75016 PARIS"",48.8402399,2.258113824,0,2 , 13) ,"
CLINIQUE LA MONTAGNE;12 R DE LA MONTAGNE;92400 COURBEVOIE;48.8958484;2.2588494;;" (179,""12 R DE LA MONTAGNE 92400 COURBEVOIE"",48.8958484,2.258849410,37,9 , 25) ,"
CENTRE FALGUIERE;14 CITE FALGUIÈRE;75015 PARIS;48.8407824;2.3120565;;" (180,""14 CITE FALGUIÈRE 75015 PARIS"",48.8407824,2.31205657,11,0 , 7) ,"
CENTRE COMPOINT;20 VLA COMPOINT;75017 PARIS;48.8917305;2.3247595;;" (181,""20 VLA COMPOINT 75017 PARIS"",48.8917305,2.324759515,16,2 , 16) ,"
"HOPITAL DE JOUR ""MOSAIQUE"" 91I05";2 R DE LA PLAINE;91700 STE GENEVIEVE DES BOIS;48.6284186;2.3359514;;" (182,""2 R DE LA PLAINE 91700 STE GENEVIEVE DES BOIS"",48.6284186,2.335951419,13,11 , 19) ,"
CENTRE VERDUN 94G13;80 R DE VERDUN;94800 VILLEJUIF;48.7903759;2.3537641;;" (183,""80 R DE VERDUN 94800 VILLEJUIF"",48.7903759,2.353764123,11,14 , 5) ,"
CH GENERAL DELAFONTAINE;2 R DU DR PIERRE DELAFONTAINE;93205 ST DENIS CEDEX;48.9868666;2.4485145;;" (184,""2 R DU DR PIERRE DELAFONTAINE 93205 ST DENIS CEDEX"",48.9868666,2.448514529,13,0 , 27) ,"
KORIAN PSY DU PAYS DE SEINE;1 R DE L'ISLE SAINT PIERRE;77590 BOIS LE ROI;48.481445;2.707359;;" (185,""1 R DE L'ISLE SAINT PIERRE 77590 BOIS LE ROI"",48.481445,2.70735923,32,17 , 24) ,"
REPOS ET CONVALESCENCE L'OASIS;R LAMARTINE;78470 ST REMY LES CHEVREUSE;48.7119665;2.0680105;;" (186,""R LAMARTINE 78470 ST REMY LES CHEVREUSE"",48.7119665,2.068010517,15,16 , 3) ,"
CENTRE ARMAGIS;9 R ARMAGIS;78100 ST GERMAIN EN LAYE;48.8978094;2.0858916;;" (187,""9 R ARMAGIS 78100 ST GERMAIN EN LAYE"",48.8978094,2.085891629,16,5 , 23) ,"
CMP ADOLESCENTS 78I06;11B R JOUVENCEL;78000 VERSAILLES;48.8031397;2.1331757;;" (188,""11B R JOUVENCEL 78000 VERSAILLES"",48.8031397,2.133175711,22,12 , 11) ,"
CENTRE DE JOUR DU FIEF;45 R DU FIEF;95100 ARGENTEUIL;48.9505132;2.237513;;" (189,""45 R DU FIEF 95100 ARGENTEUIL"",48.9505132,2.2375131,17,13 , 9) ,"
CMP ENFANTS 92I02 (J. PREVERT);2 PAS JACQUES PREVERT;92700 COLOMBES;48.9220894;2.252624;;" (190,""2 PAS JACQUES PREVERT 92700 COLOMBES"",48.9220894,2.2526244,31,16 , 15) ,"
CMP ADULTES 92G04 (C. DESMOULIN);7 R CAMILLE DESMOULIN;92300 LEVALLOIS PERRET;48.8888994;2.2843171;;" (191,""7 R CAMILLE DESMOULIN 92300 LEVALLOIS PERRET"",48.8888994,2.28431718,6,0 , 17) ,"
CMP BAGNEUX;64 R DES MEUNIERS;92220 BAGNEUX;48.7977862;2.3152535;;" (192,""64 R DES MEUNIERS 92220 BAGNEUX"",48.7977862,2.315253518,4,12 , 21) ,"
ETABLISSEMENT PUBLIC DE SANTE ERASME;143 AV ARMAND GUILLEBAUD;92160 ANTONY;48.7450018;2.3157332;;" (193,""143 AV ARMAND GUILLEBAUD 92160 ANTONY"",48.7450018,2.315733221,33,0 , 24) ,"
HOPITAL DE JOUR POUCHET;28 R POUCHET;75017 PARIS;48.8929775;2.3196396;;" (194,""28 R POUCHET 75017 PARIS"",48.8929775,2.319639630,4,9 , 11) ,"
CENTRE VARENNE;39 R VARENNE;75007 PARIS;48.8541419;2.3231585;;" (195,""39 R VARENNE 75007 PARIS"",48.8541419,2.323158523,4,16 , 11) ,"
APPARTEMENT THERAPEUTIQUE BATIMENT A;3 RLE MARIANNE;95360 MONTMAGNY;48.9773019;2.3511398;;" (196,""3 RLE MARIANNE 95360 MONTMAGNY"",48.9773019,2.351139828,32,4 , 22) ,"
CTRE MEDICO-PSYCHOLOGIQUE 95I03;4 R FERNAND PICQUETTE;95470 FOSSES;49.0985015;2.5169692;;" (197,""4 R FERNAND PICQUETTE 95470 FOSSES"",49.0985015,2.51696923,29,19 , 27) ,"
CENTRE HOSPITALIER CHARCOT;30 R MARC LAURENT;78375 PLAISIR CEDEX;48.8232476;1.9448408;;" (198,""30 R MARC LAURENT 78375 PLAISIR CEDEX"",48.8232476,1.94484084,2,0 , 8) ,"
CTRE MEDICO PSYCHOLOGIQUE 78G18;14 R EUGENE HENAFF;78190 TRAPPES;48.7705868;2.007244;;" (199,""14 R EUGENE HENAFF 78190 TRAPPES"",48.7705868,2.00724426,29,7 , 25) ,"
ANTENNE DE CONSULTATIONS PSYCHOTHERAP;1B R METRO CHARONNE;91300 MASSY;48.7330963;2.2641425;;" (200,""1B R METRO CHARONNE 91300 MASSY"",48.7330963,2.26414255,35,14 , 7) ,"
CLINIQUE DENTAIRE STE-PERINE (AP-HP);49 R MIRABEAU;75016 PARIS;48.8455671;2.2681367;;" (201,""49 R MIRABEAU 75016 PARIS"",48.8455671,2.26813670,31,9 , 19) ,"
CENTRE MEDICO PSYCHO.BLUM;21 AV LEON BLUM;93140 BONDY;48.9152219;2.4788985;;" (202,""21 AV LEON BLUM 93140 BONDY"",48.9152219,2.47889858,26,7 , 23) ,"
CENTRE D'ACCUEIL 48 HEURES;13 VOI PROMENADE;93140 BONDY;48.906008;2.481875;;" (203,""13 VOI PROMENADE 93140 BONDY"",48.906008,2.48187517,23,15 , 11) ,"
CLINIQUE PSY DE L'ALLIANCE;3 R DE L'ORCHIDEE SAUVAGE;93420 VILLEPINTE;48.9609951;2.5420743;;" (204,""3 R DE L'ORCHIDEE SAUVAGE 93420 VILLEPINTE"",48.9609951,2.542074313,8,20 , 11) ,"
CMP PARVIS DE LA PREFECTURE;3 PL DE LA PERGOLA;95000 CERGY;49.035617;2.060325;;" (205,""3 PL DE LA PERGOLA 95000 CERGY"",49.035617,2.06032529,31,2 , 21) ,"
MAISON CRAPOTTE;10 AV CARNOT;78700 CONFLANS STE HONORINE;48.9947959;2.095633;;" (206,""10 AV CARNOT 78700 CONFLANS STE HONORINE"",48.9947959,2.0956336,17,10 , 19) ,"
USLD CH DE PUTEAUX;1 BD RICHARD WALLACE;92800 PUTEAUX;48.8787546;2.2419782;;" (207,""1 BD RICHARD WALLACE 92800 PUTEAUX"",48.8787546,2.241978212,16,16 , 16) ,"
CLINIQUE MARCEL SEMBAT (C.C.B.B.);105 AV VICTOR HUGO;92100 BOULOGNE BILLANCOURT;48.8354399;2.2446782;;" (208,""105 AV VICTOR HUGO 92100 BOULOGNE BILLANCOURT"",48.8354399,2.244678225,2,20 , 1) ,"
CATTP LEVALLOIS;86 R DU PRÉSIDENT WILSON;92300 LEVALLOIS PERRET;48.8948674;2.2880522;;" (209,""86 R DU PRÉSIDENT WILSON 92300 LEVALLOIS PERRET"",48.8948674,2.288052213,31,12 , 21) ,"
HOPITAL DE JOUR MONTPARNASSE;40 BD DU MONTPARNASSE;75015 PARIS;48.8448607;2.3203717;;" (210,""40 BD DU MONTPARNASSE 75015 PARIS"",48.8448607,2.32037175,10,1 , 17) ,"
CMP ADULTES BELLEVILLE;213 R DE BELLEVILLE;75019 PARIS;48.8752699;2.395214;;" (211,""213 R DE BELLEVILLE 75019 PARIS"",48.8752699,2.39521412,37,5 , 14) ,"
CMP 94G01 FONTENAY;24 R MOT;94120 FONTENAY SOUS BOIS;48.8463178;2.4695215;;" (212,""24 R MOT 94120 FONTENAY SOUS BOIS"",48.8463178,2.469521522,7,19 , 16) ,"
CENTRE D'ACCUEIL THERAPEUTIQUE;63 R PASTEUR;94380 BONNEUIL SUR MARNE;48.7758041;2.477626;;" (213,""63 R PASTEUR 94380 BONNEUIL SUR MARNE"",48.7758041,2.47762629,11,14 , 7) ,"
APPARTEMENT THERAPEUTIQUE;1 AV DE L'EUROPE;93420 VILLEPINTE;48.9573307;2.5576923;;" (214,""1 AV DE L'EUROPE 93420 VILLEPINTE"",48.9573307,2.557692322,10,12 , 16) ,"
CLINIQUE DE L'ERMITAGE;186 R PIERRE CURIE;77190 DAMMARIE LES LYS;48.5149485;2.6403974;;" (215,""186 R PIERRE CURIE 77190 DAMMARIE LES LYS"",48.5149485,2.64039746,23,12 , 12) ,"
CHS ROGER PREVOT DE NANTERRE;AV DE LA RÉPUBLIQUE;92014 NANTERRE CEDEX;48.9056276;2.210162;;" (216,""AV DE LA RÉPUBLIQUE 92014 NANTERRE CEDEX"",48.9056276,2.21016227,19,2 , 20) ,"
HJ LES COLOMBIERS 91G16;7 AV DU GAL LECLERC;91120 PALAISEAU;48.7063766;2.2380868;;" (217,""7 AV DU GAL LECLERC 91120 PALAISEAU"",48.7063766,2.23808682,3,6 , 9) ,"
CHICNP - SITE  PUTEAUX;1 BD RICHARD WALLACE;92800 PUTEAUX;48.8787546;2.2419782;;" (218,""1 BD RICHARD WALLACE 92800 PUTEAUX"",48.8787546,2.24197827,40,0 , 5) ,"
CMP ADULTES 92G15 (NATIONALE);3 R NATIONALE;92100 BOULOGNE BILLANCOURT;48.8243788;2.244428;;" (219,""3 R NATIONALE 92100 BOULOGNE BILLANCOURT"",48.8243788,2.24442813,12,18 , 26) ,"
HOPITAL DE JOUR COURBEVOIE 92I02;41 R KILFORD;92400 COURBEVOIE;48.9011725;2.253877;;" (220,""41 R KILFORD 92400 COURBEVOIE"",48.9011725,2.2538779,19,3 , 25) ,"
CENTRE JAURES 91 G 15;77 AV JEAN JAURES;91120 PALAISEAU;48.7212617;2.2595747;;" (221,""77 AV JEAN JAURES 91120 PALAISEAU"",48.7212617,2.259574710,13,16 , 27) ,"
CLINIQUE L'ERMITAGE DE CLAMART;1 R DE L'EST;92140 CLAMART;48.7972108;2.2625548;;" (222,""1 R DE L'EST 92140 CLAMART"",48.7972108,2.262554828,22,10 , 6) ,"
CENTRE MEDICO-PSY. 91 G 04;19 R DU DOCTEUR OGÉ;91310 MONTLHERY;48.6381679;2.2721927;;" (223,""19 R DU DOCTEUR OGÉ 91310 MONTLHERY"",48.6381679,2.272192721,6,16 , 16) ,"
"CMP 92I07 ENFANTS "" L'AUBIER """;121B AV DU GENERAL DE GAULLE;92340 BOURG LA REINE;48.8176962;2.27651;;" (224,""121B AV DU GENERAL DE GAULLE 92340 BOURG LA REINE"",48.8176962,2.276515,7,11 , 23) ,"
HOPITAL  SAINT-JEAN DES GRESILLONS;89 AV DES GRESILLONS;92230 GENNEVILLIERS;48.9159602;2.3038675;;" (225,""89 AV DES GRESILLONS 92230 GENNEVILLIERS"",48.9159602,2.303867526,22,8 , 15) ,"
HAD 92G03;12 R FANNY;92110 CLICHY;48.8994779;2.3153532;;" (226,""12 R FANNY 92110 CLICHY"",48.8994779,2.31535329,35,3 , 6) ,"
"HOPITAL PIERRE ROUQUES ""LES BLUETS""";4 R LASSON;75571 PARIS CEDEX 12;48.8431462;2.4061284;;" (227,""4 R LASSON 75571 PARIS CEDEX 12"",48.8431462,2.406128411,8,18 , 21) ,"
CMP INF-JUV PABLO PICASSO;3  TOUR PABLO PICASSO;94600 CHOISY LE ROI;48.762541;2.4088759;;" (228,""3  TOUR PABLO PICASSO 94600 CHOISY LE ROI"",48.762541,2.408875917,37,12 , 25) ,"
HOPITAL DE JOUR 94G01 FONTENAY;8 R ANATOLE FRANCE;94120 FONTENAY SOUS BOIS;48.852946;2.4716814;;" (229,""8 R ANATOLE FRANCE 94120 FONTENAY SOUS BOIS"",48.852946,2.47168149,24,5 , 15) ,"
CENTRE GALLIENI;86 AV GALLIENI;93140 BONDY;48.905616;2.4795122;;" (230,""86 AV GALLIENI 93140 BONDY"",48.905616,2.479512228,35,7 , 15) ,"
CMP ALLENDE;21 R SALVADOR ALLENDE;77240 VERT ST DENIS;48.562583;2.6214806;;" (231,""21 R SALVADOR ALLENDE 77240 VERT ST DENIS"",48.562583,2.621480613,20,1 , 17) ,"
CENTRE MEDICO-PSYCHOL.78G03;16 R DU PLATEAU;78410 AUBERGENVILLE;48.9595441;1.8627566;;" (232,""16 R DU PLATEAU 78410 AUBERGENVILLE"",48.9595441,1.862756618,18,12 , 5) ,"
CMP + CATTP 78G03;60 R ARISTIDE BRIAND;78130 LES MUREAUX;48.9886354;1.9111417;;" (233,""60 R ARISTIDE BRIAND 78130 LES MUREAUX"",48.9886354,1.911141712,25,2 , 2) ,"
APPARTEMENT THERAPEUTIQUE 95G06;1 R J.J ROUSSEAU;95220 HERBLAY;48.9932144;2.1674642;;" (234,""1 R J.J ROUSSEAU 95220 HERBLAY"",48.9932144,2.167464221,11,7 , 6) ,"
CENTRE DE LONG SEJOUR C.H ORSAY;4 PL GENERAL LECLERC;91406 ORSAY CEDEX;48.69867;2.1872302;;" (235,""4 PL GENERAL LECLERC 91406 ORSAY CEDEX"",48.69867,2.187230220,25,18 , 4) ,"
CLINIQUE DU CHATEAU DE GARCHES;11B R DE LA PORTE JAUNE;92380 GARCHES;48.8427993;2.1990321;;" (236,""11B R DE LA PORTE JAUNE 92380 GARCHES"",48.8427993,2.199032113,16,4 , 24) ,"
C.I.A.P.A;55 R DU SIMPLON;75018 PARIS;48.8948404;2.3463234;;" (237,""55 R DU SIMPLON 75018 PARIS"",48.8948404,2.346323410,28,5 , 16) ,"
HOPITAL DE JOUR ENTRAIDE UNIVERSITAIRE;13 R DU SAHEL;75012 PARIS;48.8411357;2.4027729;;" (238,""13 R DU SAHEL 75012 PARIS"",48.8411357,2.402772916,17,19 , 15) ,"
CATTP VERDUN;18 AV DE VERDUN;93130 NOISY LE SEC;48.8956126;2.4561274;;" (239,""18 AV DE VERDUN 93130 NOISY LE SEC"",48.8956126,2.456127410,26,10 , 18) ,"
MAISON DE SANTE NOGENT S/MARNE;30 R DE PLAISANCE;94736 NOGENT SUR MARNE CEDEX;48.8436079;2.4897296;;" (240,""30 R DE PLAISANCE 94736 NOGENT SUR MARNE CEDEX"",48.8436079,2.48972964,15,11 , 11) ,"
CENTRE MEDICO PSYCHOLOGIQUE;1 R LEPINE;93500 PANTIN;48.8944393;2.4198234;;" (241,""1 R LEPINE 93500 PANTIN"",48.8944393,2.41982342,12,20 , 15) ,"
POLYCLINIQUE SAINT-JEAN;41 AV DE CORBEIL;77000 MELUN;48.5481778;2.6453132;;" (242,""41 AV DE CORBEIL 77000 MELUN"",48.5481778,2.645313219,18,0 , 3) ,"
INSTITUT MÉDICAL DE SERRIS;2 CRS DU RHIN;77700 SERRIS;48.8575318;2.7830024;;" (243,""2 CRS DU RHIN 77700 SERRIS"",48.8575318,2.783002414,13,15 , 14) ,"
CTRE READAPTATION CARDIAQUE DE LA BRIE;27 R SAINTE CHRISTINE;77174 VILLENEUVE ST DENIS;48.8163605;2.7958244;;" (244,""27 R SAINTE CHRISTINE 77174 VILLENEUVE ST DENIS"",48.8163605,2.795824412,1,19 , 8) ,"
CTR MED. DE REEDUCATION APARC;66 R NATIONALE;78710 ROSNY SUR SEINE;49.0006258;1.6323825;;" (245,""66 R NATIONALE 78710 ROSNY SUR SEINE"",49.0006258,1.632382510,32,13 , 20) ,"
CMP + CATTP 78I07;10 R AMPERE;78130 LES MUREAUX;48.9983161;1.9150279;;" (246,""10 R AMPERE 78130 LES MUREAUX"",48.9983161,1.915027923,15,2 , 19) ,"
HOPITAL DE JOUR SECT 78 I 2;1 R DES CHASSES MAREES;78700 CONFLANS STE HONORINE;49.0081383;2.115036;;" (247,""1 R DES CHASSES MAREES 78700 CONFLANS STE HONORINE"",49.0081383,2.11503619,13,7 , 22) ,"
HOPITAL DE JOUR 91G14;44 R DE PARIS;91400 ORSAY;48.6967075;2.1893213;;" (248,""44 R DE PARIS 91400 ORSAY"",48.6967075,2.189321318,31,15 , 9) ,"
MAISON THERAPEUTIQUE;10 BD DES PYRENEES;92160 ANTONY;48.7355063;2.2781759;;" (249,""10 BD DES PYRENEES 92160 ANTONY"",48.7355063,2.278175920,6,13 , 15) ,"
CENTRE ADULTE BONNET;11 AV DU COLONEL BONNET;75016 PARIS;48.8554944;2.2782396;;" (250,""11 AV DU COLONEL BONNET 75016 PARIS"",48.8554944,2.27823967,3,15 , 9) ,"
CLINIQUE BLOMET;136B R BLOMET;75015 PARIS;48.8394852;2.2961015;;" (251,""136B R BLOMET 75015 PARIS"",48.8394852,2.296101514,6,5 , 27) ,"
HOPITAL LEOPOLD BELLAN;19 R VERCINGETORIX;75014 PARIS;48.8373764;2.3200169;;" (252,""19 R VERCINGETORIX 75014 PARIS"",48.8373764,2.320016912,13,10 , 24) ,"
HOP JOUR CROIX ST SIMON;89 R HAXO;75020 PARIS;48.8747633;2.4030507;;" (253,""89 R HAXO 75020 PARIS"",48.8747633,2.403050724,17,13 , 21) ,"
INSTITUT CURIE-CENTRE RENE HUGUENIN;35 R DAILLY;92210 ST CLOUD;48.8448141;2.2176526;;" (254,""35 R DAILLY 92210 ST CLOUD"",48.8448141,2.217652628,30,0 , 19) ,"
CMP ESPACE FAMILLE 92 92G14;127 AV J.BAPTISTE CLEMENT;92100 BOULOGNE BILLANCOURT;48.8428792;2.2313306;;" (255,""127 AV J.BAPTISTE CLEMENT 92100 BOULOGNE BILLANCOURT"",48.8428792,2.23133062,4,5 , 10) ,"
CMP PERI;40 R GABRIEL PERI;95130 LE PLESSIS BOUCHARD;49.0011178;2.2401692;;" (256,""40 R GABRIEL PERI 95130 LE PLESSIS BOUCHARD"",49.0011178,2.240169219,15,17 , 13) ,"
HOPITAL AMERICAIN;63 BD VICTOR HUGO;92202 NEUILLY SUR SEINE CEDEX;48.8932795;2.2733115;;" (257,""63 BD VICTOR HUGO 92202 NEUILLY SUR SEINE CEDEX"",48.8932795,2.273311528,37,1 , 20) ,"
C.M.P. INFANTO-JUVENILE;7 R BENSERADE;94250 GENTILLY;48.8104419;2.3478515;;" (258,""7 R BENSERADE 94250 GENTILLY"",48.8104419,2.34785156,5,9 , 17) ,"
CENTRE DE L'HORLOGE;14 R BRANTOME;75003 PARIS;48.862438;2.353097;;" (259,""14 R BRANTOME 75003 PARIS"",48.862438,2.3530979,34,6 , 12) ,"
UHME  LA POMME;4 R CHARLES LAUTH;75018 PARIS;48.8989806;2.3683833;;" (260,""4 R CHARLES LAUTH 75018 PARIS"",48.8989806,2.36838337,1,12 , 13) ,"
HOPITAL SAINT-ANTOINE (AP-HP);184 R DU FAUBOURG SAINT ANTOINE;75571 PARIS CEDEX 12;48.850251;2.3829799;;" (261,""184 R DU FAUBOURG SAINT ANTOINE 75571 PARIS CEDEX 12"",48.850251,2.38297993,40,5 , 22) ,"
CENTRE MEDICO PSYCH.G.ROULAUD;R SALENGRO;93700 DRANCY;48.9189701;2.4369562;;" (262,""R SALENGRO 93700 DRANCY"",48.9189701,2.436956222,17,11 , 24) ,"
CENTRE MEDICO-PSYCHOLOGIQUE;10 R DU PRESSOIR;93190 LIVRY GARGAN;48.9212726;2.5453403;;" (263,""10 R DU PRESSOIR 93190 LIVRY GARGAN"",48.9212726,2.54534030,15,8 , 7) ,"
"CTRE GERIAT.LONG SEJOUR ""LES ORMES""";13 PL JEAN MERMOZ;93370 MONTFERMEIL;48.901996;2.5717252;;" (264,""13 PL JEAN MERMOZ 93370 MONTFERMEIL"",48.901996,2.571725223,14,11 , 22) ,"
HOPITAL DE JOUR 77  I-05;2B R D'ORGEMONT;77104 MEAUX CEDEX;48.9558243;2.8696165;;" (265,""2B R D'ORGEMONT 77104 MEAUX CEDEX"",48.9558243,2.869616514,12,10 , 13) ,"
APPARTEMENT THERAP CLAUDE BERNARD;61 R CLAUDE BERNARD;95870 BEZONS;48.924101;2.2088354;;" (266,""61 R CLAUDE BERNARD 95870 BEZONS"",48.924101,2.20883542,24,1 , 26) ,"
HJ ADO LE SUD EST;5 BD LE SUD EST;92000 NANTERRE;48.892423;2.215331;;" (267,""5 BD LE SUD EST 92000 NANTERRE"",48.892423,2.2153313,24,8 , 16) ,"
CENTRE CHIRURGICAL MARIE LANNELONGUE;133 AV DE LA RESISTANCE;92350 LE PLESSIS ROBINSON;48.7830933;2.2740917;;" (268,""133 AV DE LA RESISTANCE 92350 LE PLESSIS ROBINSON"",48.7830933,2.274091715,10,15 , 24) ,"
HÔPITAL DE JOUR AURORE;35 R DES CEVENNES;75015 PARIS;48.8434072;2.2788163;;" (269,""35 R DES CEVENNES 75015 PARIS"",48.8434072,2.278816328,12,5 , 4) ,"
CMP ENFANTS 92I07 (J.P. TIMBAUD);25 R J.P TIMBAUD;92320 CHATILLON;48.80278;2.2855;;" (270,""25 R J.P TIMBAUD 92320 CHATILLON"",48.80278,2.285518,16,11 , 19) ,"
CMP ENFANTS GRENELLE;164 R DE GRENELLE;75007 PARIS;48.8580522;2.3089662;;" (271,""164 R DE GRENELLE 75007 PARIS"",48.8580522,2.30896622,9,19 , 27) ,"
CTRE ACTIVITE THERAP. (VENT DU LARGE);44 R CARVES;92120 MONTROUGE;48.8124254;2.3225848;;" (272,""44 R CARVES 92120 MONTROUGE"",48.8124254,2.32258487,21,11 , 18) ,"
HOPITAL DE JOUR G07;24 R DE ROSSAYS;91600 SAVIGNY SUR ORGE;48.673326;2.3521518;;" (273,""24 R DE ROSSAYS 91600 SAVIGNY SUR ORGE"",48.673326,2.35215181,26,18 , 25) ,"
CLINIQUE MEDICO-UNIVERSITAIRE G.HEUYER;68 R DES GRANDS MOULINS;75013 PARIS;48.8273832;2.3754926;;" (274,""68 R DES GRANDS MOULINS 75013 PARIS"",48.8273832,2.37549266,2,14 , 24) ,"
HOPITAL DE JOUR ALFORTVILLE;54 R EDOUARD VAILLANT;94140 ALFORTVILLE;48.8110919;2.4178193;;" (275,""54 R EDOUARD VAILLANT 94140 ALFORTVILLE"",48.8110919,2.41781932,3,6 , 19) ,"
CMP RABELAIS;91 BD RABELAIS;94100 ST MAUR DES FOSSES;48.805441;2.4832421;;" (276,""91 BD RABELAIS 94100 ST MAUR DES FOSSES"",48.805441,2.48324210,9,8 , 16) ,"
APPARTEMENT THERAPEUTIQUE;1 ALL DES SAPINS;93600 AULNAY SOUS BOIS;48.9471593;2.5059293;;" (277,""1 ALL DES SAPINS 93600 AULNAY SOUS BOIS"",48.9471593,2.50592930,2,20 , 4) ,"
CENTRE CARDIOLOGIQUE D'EVECQUEMONT;2 R DES CARRIERES;78740 EVECQUEMONT;49.0105773;1.9359557;;" (278,""2 R DES CARRIERES 78740 EVECQUEMONT"",49.0105773,1.93595573,26,8 , 19) ,"
CENTRE GERIATRIQUE D. FORESTIER;AV GEORGES LAPIERRE;78320 LA VERRIERE;48.7513877;1.9431513;;" (279,""AV GEORGES LAPIERRE 78320 LA VERRIERE"",48.7513877,1.94315132,39,14 , 22) ,"
KORIAN LE PONT;27 R DE VILLENEUVE;95870 BEZONS;48.9258409;2.2151993;;" (280,""27 R DE VILLENEUVE 95870 BEZONS"",48.9258409,2.21519932,40,1 , 18) ,"
APPARTEMENT THERAPEUTIQUE PREBUARD;41 R PREBUARD;95100 ARGENTEUIL;48.9388891;2.2232245;;" (281,""41 R PREBUARD 95100 ARGENTEUIL"",48.9388891,2.22322456,39,16 , 23) ,"
CATTP  95G 03;17 R DE LA PETITE BAPAUME;95120 ERMONT;48.9921666;2.2566863;;" (282,""17 R DE LA PETITE BAPAUME 95120 ERMONT"",48.9921666,2.25668638,15,4 , 8) ,"
CENTRE PSYCHOTHERAPIQUE LES OLIVIERS;RTE DE NOISY;95260 BEAUMONT SUR OISE;49.144338;2.290411;;" (283,""RTE DE NOISY 95260 BEAUMONT SUR OISE"",49.144338,2.2904118,1,7 , 14) ,"
ATELIER THERAPEUTIQUE LE FLEURON;25 R CHARLES FOURRIER;75013 PARIS;48.8250138;2.3513743;;" (284,""25 R CHARLES FOURRIER 75013 PARIS"",48.8250138,2.35137434,25,19 , 10) ,"
CENTRE DE LONG SEJOUR DANIELE CASANOVA;11 R DANIELE CASANOVA;93205 ST DENIS CEDEX;48.9299208;2.3607143;;" (285,""11 R DANIELE CASANOVA 93205 ST DENIS CEDEX"",48.9299208,2.36071438,17,8 , 26) ,"
CENTRE MEDICO-PSYCH.CARNOT;17 R CARNOT;93230 ROMAINVILLE;48.8848289;2.4378156;;" (286,""17 R CARNOT 93230 ROMAINVILLE"",48.8848289,2.437815627,23,20 , 4) ,"
C.M.P.PSY.INFANTO-JUV.-NOGENT/M;15 BD GALLIENI;94130 NOGENT SUR MARNE;48.8399595;2.4846534;;" (287,""15 BD GALLIENI 94130 NOGENT SUR MARNE"",48.8399595,2.484653416,39,7 , 15) ,"
CENTRE DE READAPTION FONCTIONNELLE;15 AV MONTRICHARD;94354 VILLIERS SUR MARNE CEDEX;48.8298769;2.550814;;" (288,""15 AV MONTRICHARD 94354 VILLIERS SUR MARNE CEDEX"",48.8298769,2.55081420,3,10 , 7) ,"
APPARTEMENT THERAPEUT.CH LAGNY;2 R ANATOLE FRANCE;77186 NOISIEL;48.8529364;2.6245228;;" (289,""2 R ANATOLE FRANCE 77186 NOISIEL"",48.8529364,2.624522829,27,20 , 27) ,"
HOPITAL DE JOUR SECT 78I01;86 RTE DE MANTES;78200 BUCHELAY;48.9786536;1.6824642;;" (290,""86 RTE DE MANTES 78200 BUCHELAY"",48.9786536,1.68246425,26,17 , 12) ,"
HOPITAL DE JOUR  LA RENCONTRE 78 I 07;1 RLE SAINTE AVOYE;78250 MEULAN;49.007136;1.9096322;;" (291,""1 RLE SAINTE AVOYE 78250 MEULAN"",49.007136,1.909632219,16,6 , 27) ,"
CHI DE MEULAN / LES MUREAUX;1 R DU FORT;78250 MEULAN;49.0032305;1.9100263;;" (292,""1 R DU FORT 78250 MEULAN"",49.0032305,1.910026326,31,18 , 23) ,"
FOYER THERAPEUTIQUE 78G08;60 BD EMILE ZOLA;78800 HOUILLES;48.9245396;2.1999806;;" (293,""60 BD EMILE ZOLA 78800 HOUILLES"",48.9245396,2.19998064,30,19 , 15) ,"
HOPITAL DE JOUR ST CLOUD SECTEUR 92I04;3 R TAHERE;92210 ST CLOUD;48.8462948;2.213078;;" (294,""3 R TAHERE 92210 ST CLOUD"",48.8462948,2.21307816,35,5 , 26) ,"
HAD 92G05;403 AV DE LA RÉPUBLIQUE;92000 NANTERRE;48.9122171;2.2236494;;" (295,""403 AV DE LA RÉPUBLIQUE 92000 NANTERRE"",48.9122171,2.223649410,36,2 , 8) ,"
APPARTEMENTS THERAPEUTIQUES;41 R SAINT-DENIS;92100 BOULOGNE BILLANCOURT;48.8457559;2.2321347;;" (296,""41 R SAINT-DENIS 92100 BOULOGNE BILLANCOURT"",48.8457559,2.23213474,25,2 , 20) ,"
HOPITAL AMBROISE PARE (AP-HP);9 AV CHARLES DE GAULLE;92104 BOULOGNE BILLANCOURT CEDEX;48.8489223;2.2372609;;" (297,""9 AV CHARLES DE GAULLE 92104 BOULOGNE BILLANCOURT CEDEX"",48.8489223,2.23726098,23,6 , 18) ,"
CLINIQUE DE LA PORTE  ST-CLOUD;30 R DE PARIS;92100 BOULOGNE BILLANCOURT;48.839595;2.2480733;;" (298,""30 R DE PARIS 92100 BOULOGNE BILLANCOURT"",48.839595,2.248073323,24,4 , 9) ,"
S.M.P.R. DE FRESNES;1 ALL DES THUYAS;94261 FRESNES CEDEX;48.7655365;2.3195973;;" (299,""1 ALL DES THUYAS 94261 FRESNES CEDEX"",48.7655365,2.31959730,14,14 , 26) ,"
HOPITAL BICHAT;46 R HENRI HUCHARD;75877 PARIS CEDEX 18;48.8990394;2.3295922;;" (300,""46 R HENRI HUCHARD 75877 PARIS CEDEX 18"",48.8990394,2.329592224,15,1 , 12) ,"
CENTRE MEDICO-PSY. 91 I01;16 R LUISANT;91310 MONTLHERY;48.639619;2.2686514;;" (301,""16 R LUISANT 91310 MONTLHERY"",48.639619,2.268651422,13,5 , 26) ,"
UNITE D'HOSPIT AVRON M. BLANCHE;129 R D'AVRON;75020 PARIS;48.8532632;2.4091872;;" (302,""129 R D'AVRON 75020 PARIS"",48.8532632,2.40918724,13,17 , 14) ,"
CENTRE GILBERT RABY;2 AV DU MARECHAL JOFFRE;78250 MEULAN;49.0077886;1.9283484;;" (303,""2 AV DU MARECHAL JOFFRE 78250 MEULAN"",49.0077886,1.928348418,30,12 , 5) ,"
CLINIQUE DE L'OSERAIE;4 R ALEXANDRE FLEMING;95520 OSNY;49.0700239;2.062715;;" (304,""4 R ALEXANDRE FLEMING 95520 OSNY"",49.0700239,2.06271511,36,6 , 4) ,"
CENTRE MEDICO PSYCHOLOGIQUE;PL PIERRE BEREGOVOY;78114 MAGNY LES HAMEAUX;48.7241377;2.0836433;;" (305,""PL PIERRE BEREGOVOY 78114 MAGNY LES HAMEAUX"",48.7241377,2.083643315,2,15 , 1) ,"
CLINIQUE MED.DIETETIQUE GERONTOLOGIQUE;AV GASTON DE LEVIS;95304 CERGY PONTOISE CEDEX;49.077;2.104678;;" (306,""AV GASTON DE LEVIS 95304 CERGY PONTOISE CEDEX"",49.077,2.1046787,14,3 , 11) ,"
CMP LA CHATAIGNERAIE;7 R DU JURA;91940 LES ULIS;48.6832823;2.1785205;;" (307,""7 R DU JURA 91940 LES ULIS"",48.6832823,2.178520517,17,5 , 26) ,"
CTRE MEDICO PSY SECT.;9B R CHARLES DE GAULLE;78800 HOUILLES;48.9213955;2.185832;;" (308,""9B R CHARLES DE GAULLE 78800 HOUILLES"",48.9213955,2.1858323,31,16 , 4) ,"
CTRE LONG SEJOUR DU CH ST-CLOUD;1 R LELEGARD;92211 ST CLOUD CEDEX;48.8418724;2.2030411;;" (309,""1 R LELEGARD 92211 ST CLOUD CEDEX"",48.8418724,2.203041111,19,9 , 17) ,"
CLINIQUE DE LA MUETTE;46 R NICOLO;75116 PARIS;48.8603562;2.2777603;;" (310,""46 R NICOLO 75116 PARIS"",48.8603562,2.27776031,19,11 , 17) ,"
CMP ENFANTS TIPHAINE  (NECKER);23 R TIPHAINE;75015 PARIS;48.8488179;2.2964935;;" (311,""23 R TIPHAINE 75015 PARIS"",48.8488179,2.29649355,33,18 , 22) ,"
CENTRE RENE CAPITANT;8 R LANNEAU;75005 PARIS;48.8483432;2.3466214;;" (312,""8 R LANNEAU 75005 PARIS"",48.8483432,2.34662149,8,19 , 14) ,"
HOPITAL DE JOUR BOULLOCHE CEREP;56 R DU FBG POISSONNIÈRE;75010 PARIS;48.8749754;2.3481136;;" (313,""56 R DU FBG POISSONNIÈRE 75010 PARIS"",48.8749754,2.348113628,27,8 , 19) ,"
CENTRE DE CRISE ROQUETTE;63 R DE LA ROQUETTE;75011 PARIS;48.8558373;2.3752069;;" (314,""63 R DE LA ROQUETTE 75011 PARIS"",48.8558373,2.375206914,32,0 , 24) ,"
CENTRE MEDICO-PSYCHOLOGIQUE 94G11;9 R AUDIGEOIS;94400 VITRY SUR SEINE;48.7917808;2.3888054;;" (315,""9 R AUDIGEOIS 94400 VITRY SUR SEINE"",48.7917808,2.38880542,14,3 , 16) ,"
CENTRE DE MOYEN SEJOUR RIS ORANGIS;55 R ALBERT REMY;91130 RIS ORANGIS;48.6570705;2.4076579;;" (316,""55 R ALBERT REMY 91130 RIS ORANGIS"",48.6570705,2.40765790,20,9 , 5) ,"
MAISON SANTE CHIRURGICALE;17 R DE L'EGLISE;94190 VILLENEUVE ST GEORGES;48.7268227;2.4472805;;" (317,""17 R DE L'EGLISE 94190 VILLENEUVE ST GEORGES"",48.7268227,2.44728051,27,9 , 2) ,"
UNITE CLINIQUE VIVALDI;8 R DES BAS COUDRAY;91100 CORBEIL ESSONNES;48.6046447;2.4851745;;" (318,""8 R DES BAS COUDRAY 91100 CORBEIL ESSONNES"",48.6046447,2.485174515,15,13 , 3) ,"
CATTP DE MAGNY;31 R CARNOT;95420 MAGNY EN VEXIN;49.1543479;1.7845466;;" (319,""31 R CARNOT 95420 MAGNY EN VEXIN"",49.1543479,1.784546617,8,14 , 13) ,"
HÔP. GÉRONTOLOGIQUE & MED-SOC PLAISIR;220 R MANSART;78375 PLAISIR CEDEX;48.8253391;1.9392303;;" (320,""220 R MANSART 78375 PLAISIR CEDEX"",48.8253391,1.939230310,32,18 , 3) ,"
HOPITAL DE JOUR  ELANCOURT 78I05;6 R DU GANDOUGET;78990 ELANCOURT;48.7748318;1.9456157;;" (321,""6 R DU GANDOUGET 78990 ELANCOURT"",48.7748318,1.94561577,16,6 , 2) ,"
CLINIQUE CHIRURGICALE DU VAL D'OR;16 R PASTEUR;92211 ST CLOUD CEDEX;48.8421464;2.204527;;" (322,""16 R PASTEUR 92211 ST CLOUD CEDEX"",48.8421464,2.20452710,2,5 , 5) ,"
HOPITAL PRIVÉ DE PARIS - ESSONNE;12 BD PIERRE BROSSOLETTE;91290 ARPAJON;48.5931082;2.249001;;" (323,""12 BD PIERRE BROSSOLETTE 91290 ARPAJON"",48.5931082,2.24900130,17,18 , 21) ,"
MAISON MEDICALE JEANNE GARNIER;106 AV EMILE ZOLA;75015 PARIS;48.8466393;2.2897932;;" (324,""106 AV EMILE ZOLA 75015 PARIS"",48.8466393,2.28979326,17,3 , 2) ,"
"CATTP ""LE PATIO"" CHAMPLAN";6 RTE DE VERSAILLES;91160 CHAMPLAN;48.6989992;2.2910865;;" (325,""6 RTE DE VERSAILLES 91160 CHAMPLAN"",48.6989992,2.291086520,31,10 , 15) ,"
CLINIQUE VICTOR HUGO;5B R DU DOME;75016 PARIS;48.8713798;2.2913808;;" (326,""5B R DU DOME 75016 PARIS"",48.8713798,2.291380811,11,0 , 19) ,"
HOPITAL DE JOUR SANTOS-DUMONT;25 VLA SANTOS DUMONT;75015 PARIS;48.8337932;2.3049715;;" (327,""25 VLA SANTOS DUMONT 75015 PARIS"",48.8337932,2.304971513,24,14 , 2) ,"
FOYER DE POST CURE MONTROUGE;61 AV VERDIER;92120 MONTROUGE;48.8159032;2.3134679;;" (328,""61 AV VERDIER 92120 MONTROUGE"",48.8159032,2.31346796,25,12 , 11) ,"
GPE HOSP BROUSSAIS-HEGP;96 R DIDOT;75014 PARIS;48.8272791;2.3144097;;" (329,""96 R DIDOT 75014 PARIS"",48.8272791,2.31440979,12,5 , 26) ,"
CENTRE PASTEUR VALLERY RADOT;68 R DES PLANTES;75014 PARIS;48.8264869;2.3198741;;" (330,""68 R DES PLANTES 75014 PARIS"",48.8264869,2.31987412,0,19 , 8) ,"
HOPITAL SAINT-CAMILLE - BRY S/M;2 R DES PERES CAMILLIENS;94366 BRY SUR MARNE CEDEX;48.8332434;2.5279568;;" (331,""2 R DES PERES CAMILLIENS 94366 BRY SUR MARNE CEDEX"",48.8332434,2.527956820,12,15 , 17) ,"
CENTRE MEDICO-PSY. 91 G 11;RES LES BUISSONS BAT C;91800 BOUSSY ST ANTOINE;48.6892489;2.530174;;" (332,""RES LES BUISSONS BAT C 91800 BOUSSY ST ANTOINE"",48.6892489,2.5301745,18,2 , 6) ,"
CENTRE MEDICO-PSYCH.LEFEBVRE;7 ALL VALERE LEFEBVRE;93340 LE RAINCY;48.8989776;2.5102921;;" (333,""7 ALL VALERE LEFEBVRE 93340 LE RAINCY"",48.8989776,2.510292115,5,18 , 18) ,"
CTRE  MED. PEDAGOGIQUE  VARENNES-JARCY;29 R DE LA LIBERATION;91480 VARENNES JARCY;48.6771306;2.5579584;;" (334,""29 R DE LA LIBERATION 91480 VARENNES JARCY"",48.6771306,2.557958422,36,7 , 8) ,"
CMP ENFANTS 92I01 (C. DESMOULIN);7 R CAMILLE DESMOULINS;92300 LEVALLOIS PERRET;48.8888994;2.2843171;;" (335,""7 R CAMILLE DESMOULINS 92300 LEVALLOIS PERRET"",48.8888994,2.284317126,19,14 , 7) ,"
HOPITAL DE JOUR ETIENNE MARCEL;3 CITE D'ANGOULEME;75011 PARIS;48.8666778;2.3747399;;" (336,""3 CITE D'ANGOULEME 75011 PARIS"",48.8666778,2.374739925,0,12 , 14) ,"
CLINIQUE DU MONT-LOUIS;8 R DE LA FOLIE-REGNAULT;75011 PARIS;48.860619;2.3867825;;" (337,""8 R DE LA FOLIE-REGNAULT 75011 PARIS"",48.860619,2.38678259,3,6 , 19) ,"
CLINIQUE DU BOURGET;7 R RIGAUD;93350 LE BOURGET;48.9330587;2.4211634;;" (338,""7 R RIGAUD 93350 LE BOURGET"",48.9330587,2.421163422,29,12 , 10) ,"
SAFT RUE DE PARIS ETAMPES;41 AV DE PARIS;91150 ETAMPES;48.4390958;2.1676274;;" (339,""41 AV DE PARIS 91150 ETAMPES"",48.4390958,2.167627410,9,2 , 12) ,"
CENTRE MEDICO PSY.SECT.78 G 14;27 R COSTES ET BELLONTE;78220 VIROFLAY;48.8019744;2.1716631;;" (340,""27 R COSTES ET BELLONTE 78220 VIROFLAY"",48.8019744,2.171663120,6,11 , 6) ,"
CMP ADU-ENF 92G14 & 92I05 (PELLOUTIER);31 R FERNAND PELLOUTIER;92100 BOULOGNE BILLANCOURT;48.8342287;2.2344891;;" (341,""31 R FERNAND PELLOUTIER 92100 BOULOGNE BILLANCOURT"",48.8342287,2.234489129,0,16 , 10) ,"
HOPITAL LOUIS MOURIER (AP-HP);178 R DES RENOUILLIERS;92701 COLOMBES CEDEX;48.9235629;2.2363296;;" (342,""178 R DES RENOUILLIERS 92701 COLOMBES CEDEX"",48.9235629,2.23632963,19,1 , 11) ,"
CMP 92I07 ENFANTS;25 R JEAN-PIERRE TIMBAUD;92320 CHATILLON;48.80278;2.2855;;" (343,""25 R JEAN-PIERRE TIMBAUD 92320 CHATILLON"",48.80278,2.285529,20,1 , 25) ,"
HOPITAL VAUGIRARD (AP-HP);10 R VAUGELAS;75015 PARIS;48.8341938;2.2943108;;" (344,""10 R VAUGELAS 75015 PARIS"",48.8341938,2.294310821,38,2 , 27) ,"
HOPITAL DE JOUR ROQUETTE;63 R DE LA ROQUETTE;75011 PARIS;48.8558373;2.3752069;;" (345,""63 R DE LA ROQUETTE 75011 PARIS"",48.8558373,2.375206928,29,9 , 14) ,"
CMP REBEVAL INFANTO-JUVENIL;45 R REBEVAL;75019 PARIS;48.8748661;2.3792821;;" (346,""45 R REBEVAL 75019 PARIS"",48.8748661,2.379282116,6,7 , 3) ,"
CMP ADULTES LESPAGNOL;3 R LESPAGNOL;75020 PARIS;48.8583921;2.3921466;;" (347,""3 R LESPAGNOL 75020 PARIS"",48.8583921,2.39214665,8,10 , 17) ,"
CENTRE PABLO PICASSO;1 R PABLO PICASSO;94600 CHOISY LE ROI;48.7665452;2.4093323;;" (348,""1 R PABLO PICASSO 94600 CHOISY LE ROI"",48.7665452,2.40933236,8,17 , 14) ,"
HOPITAL PEDIATRIE REEDUCATION BULLION;RTE DE LONGCHENE;78830 BULLION;48.6328837;2.010357;;" (349,""RTE DE LONGCHENE 78830 BULLION"",48.6328837,2.0103570,9,3 , 12) ,"
CMP 91 G 01 ETAMPES;18 R DE LA RÉPUBLIQUE;91150 ETAMPES;48.4352178;2.1631052;;" (350,""18 R DE LA RÉPUBLIQUE 91150 ETAMPES"",48.4352178,2.163105220,28,5 , 26) ,"
CTRE LA GALIOTE 95G06;16 SQ D'AQUITAINE;95100 ARGENTEUIL;48.9980795;2.2121611;;" (351,""16 SQ D'AQUITAINE 95100 ARGENTEUIL"",48.9980795,2.212161127,20,11 , 10) ,"
CMP ENFANTS 92I01 (DE GAULLE);12B R GRANDE RUE CH. DE GAULLE;92600 ASNIERES SUR SEINE;48.914155;2.285369;;" (352,""12B R GRANDE RUE CH. DE GAULLE 92600 ASNIERES SUR SEINE"",48.914155,2.28536915,17,3 , 25) ,"
CTRE PSYCHOTHERAPIQUE DE JOUR FONTENAY;45 AV GABRIEL PERI;92260 FONTENAY AUX ROSES;48.7886696;2.2988508;;" (353,""45 AV GABRIEL PERI 92260 FONTENAY AUX ROSES"",48.7886696,2.298850822,22,18 , 5) ,"
CLINIQUE DE L'YVETTE;67 RTE DE CORBEIL;91160 LONGJUMEAU;48.6887759;2.3023499;;" (354,""67 RTE DE CORBEIL 91160 LONGJUMEAU"",48.6887759,2.302349912,0,6 , 20) ,"
CTRE LONG SEJOUR FONDATION ROGUET;58 R GEORGES BOISSEAU;92110 CLICHY;48.9068165;2.3134686;;" (355,""58 R GEORGES BOISSEAU 92110 CLICHY"",48.9068165,2.313468616,39,12 , 16) ,"
MAISON DE SANTE D'EPINAY SUR SEINE;1 PL DOCTEUR JEAN TARRIUS;93806 EPINAY SUR SEINE CEDEX;48.9502738;2.3187749;;" (356,""1 PL DOCTEUR JEAN TARRIUS 93806 EPINAY SUR SEINE CEDEX"",48.9502738,2.31877492,24,7 , 15) ,"
CLINIQUE DES TOURNELLES;15 R DES TOURNELLES;94240 L HAY LES ROSES;48.7778976;2.3360841;;" (357,""15 R DES TOURNELLES 94240 L HAY LES ROSES"",48.7778976,2.336084111,15,7 , 17) ,"
HOPITAL DE JOUR GERONTOPSYCHIATRIQUE;155 BD VINCENT AURIOL;75013 PARIS;48.8324153;2.3614805;;" (358,""155 BD VINCENT AURIOL 75013 PARIS"",48.8324153,2.361480511,23,8 , 24) ,"
CENTRE MEDICO PSYCHOLOGIQUE;24 AV DE STALINGRAD;93240 STAINS;48.948062;2.3776972;;" (359,""24 AV DE STALINGRAD 93240 STAINS"",48.948062,2.37769721,10,12 , 27) ,"
CENTRE JAURES 94G10 CHTN;4 AV TOUR JEAN JAURES;94600 CHOISY LE ROI;48.762541;2.4088759;;" (360,""4 AV TOUR JEAN JAURES 94600 CHOISY LE ROI"",48.762541,2.408875921,34,2 , 9) ,"
HOPITAL AVICENNE (AP-HP);125 R DE STALINGRAD;93009 BOBIGNY CEDEX;48.9151135;2.4244092;;" (361,""125 R DE STALINGRAD 93009 BOBIGNY CEDEX"",48.9151135,2.424409215,21,8 , 9) ,"
POLYCLINIQUE VILLENEUVE-SAINT-GEORGES;47 R DE CROSNE;94195 VILLENEUVE S GEORGES CEDEX;48.7239371;2.4476459;;" (362,""47 R DE CROSNE 94195 VILLENEUVE S GEORGES CEDEX"",48.7239371,2.447645912,31,12 , 27) ,"
INSTITUT ROBERT MERLE D'AUBIGNE;2 R DU PARC;94460 VALENTON;48.7511035;2.4649999;;" (363,""2 R DU PARC 94460 VALENTON"",48.7511035,2.464999912,23,2 , 22) ,"
CENTRE MEDICO-PSYCHO.VEDRINES;1 ALL JULES VERDRINE;93390 CLICHY SOUS BOIS;48.910899;2.546147;;" (364,""1 ALL JULES VERDRINE 93390 CLICHY SOUS BOIS"",48.910899,2.54614726,35,18 , 20) ,"
APPARTEMENT THERAPEUTIQUE;AV MENDES FRANCE;77550 MOISSY CRAMAYEL;48.5963045;2.5741925;;" (365,""AV MENDES FRANCE 77550 MOISSY CRAMAYEL"",48.5963045,2.574192525,12,14 , 22) ,"
CMP 78G01;222 BD DU MARECHAL JUIN;78200 MANTES LA JOLIE;48.9946588;1.6947573;;" (366,""222 BD DU MARECHAL JUIN 78200 MANTES LA JOLIE"",48.9946588,1.694757315,8,14 , 13) ,"
HOPITAL DE JOUR SECT 78G10;33 BD THIERS;78250 MEULAN;49.0067219;1.9226492;;" (367,""33 BD THIERS 78250 MEULAN"",49.0067219,1.922649219,39,11 , 25) ,"
CLINIQUE MEDICALE DU CHATEAU D'HERBLAY;50 R DE PARIS;95220 HERBLAY;48.9920532;2.1700779;;" (368,""50 R DE PARIS 95220 HERBLAY"",48.9920532,2.17007799,13,12 , 7) ,"
MAISON MEDICALE N.D. DU LAC RUEIL;2 R DE ZURICH;92500 RUEIL MALMAISON;48.8705647;2.184211;;" (369,""2 R DE ZURICH 92500 RUEIL MALMAISON"",48.8705647,2.18421122,19,1 , 27) ,"
SCE HOSPITALIER FREDERIC JOLIOT;4 PL DU GENERAL LECLERC;91400 ORSAY;48.69867;2.1872302;;" (370,""4 PL DU GENERAL LECLERC 91400 ORSAY"",48.69867,2.187230220,20,12 , 6) ,"
HOP EUROPEEN GEORGES POMPIDOU HEGP;20 R LEBLANC;75908 PARIS CEDEX 15;48.839737;2.2728302;;" (371,""20 R LEBLANC 75908 PARIS CEDEX 15"",48.839737,2.272830213,23,19 , 22) ,"
HOPITAL DE JOUR MGEN-WAGRAM;152 AV DE WAGRAM;75017 PARIS;48.8865064;2.304545;;" (372,""152 AV DE WAGRAM 75017 PARIS"",48.8865064,2.3045456,5,12 , 5) ,"
CTRE LONG MOYEN SEJOUR FOND ROGUET;58 R GEORGES BOISSEAU;92110 CLICHY;48.9068165;2.3134686;;" (373,""58 R GEORGES BOISSEAU 92110 CLICHY"",48.9068165,2.313468626,12,14 , 13) ,"
HOPITAL PRIVE NORD PARISIEN;3 BD DE LATTRE DE TASSIGNY;95200 SARCELLES;48.9810152;2.3783177;;" (374,""3 BD DE LATTRE DE TASSIGNY 95200 SARCELLES"",48.9810152,2.37831778,9,3 , 6) ,"
CMP ADULTE VALMY;4 R CADRAN;94220 CHARENTON LE PONT;48.8207578;2.4125168;;" (375,""4 R CADRAN 94220 CHARENTON LE PONT"",48.8207578,2.412516818,36,10 , 25) ,"
UNITE INFANTO JUV 92I03 MONTREUIL;56 BD DE LA BOISSIERE;93100 MONTREUIL;48.878406;2.4533091;;" (376,""56 BD DE LA BOISSIERE 93100 MONTREUIL"",48.878406,2.45330910,11,13 , 4) ,"
CTRE MEDICO PSYCHO.NEUBURGER;21 PL NEUBURGER;93140 BONDY;48.9032216;2.4914071;;" (377,""21 PL NEUBURGER 93140 BONDY"",48.9032216,2.491407129,30,20 , 3) ,"
CTRE MEDICO-PSY    ( HOP A CHENEVIER);4 PL DE LA CHENAIE;94470 BOISSY ST LEGER;48.7543354;2.4982443;;" (378,""4 PL DE LA CHENAIE 94470 BOISSY ST LEGER"",48.7543354,2.498244323,3,13 , 17) ,"
CENTRE MEDICO-PSYCH.TAINTURIER;6 R TAINTURIER;93220 GAGNY;48.8829661;2.5343144;;" (379,""6 R TAINTURIER 93220 GAGNY"",48.8829661,2.534314411,29,9 , 17) ,"
CLINIQUE MEDICO-CHIRURG. LES FONTAINES;54 BD ARISTIDE BRIAND;77007 MELUN CEDEX;48.5430882;2.6496732;;" (380,""54 BD ARISTIDE BRIAND 77007 MELUN CEDEX"",48.5430882,2.649673213,13,12 , 22) ,"
CTRE MEDICO PSYCHOLOGIQUE 78G13;2 PAS ROCHE;78000 VERSAILLES;48.809992;2.1368604;;" (381,""2 PAS ROCHE 78000 VERSAILLES"",48.809992,2.136860427,6,10 , 9) ,"
HOPITAL DE JOUR LA MAYOTTE;165 R DE PARIS;95680 MONTLIGNON;49.0179888;2.2899214;;" (382,""165 R DE PARIS 95680 MONTLIGNON"",49.0179888,2.28992140,17,4 , 2) ,"
CMP EPINAY SUR SEINE;48 R D'ENGHIEN;93800 EPINAY SUR SEINE;48.9598723;2.3076444;;" (383,""48 R D'ENGHIEN 93800 EPINAY SUR SEINE"",48.9598723,2.307644417,22,3 , 22) ,"
UNITÉ INTERSECT. DE THÉRAPIE FAMILIALE;7 R PAUL LANGEVIN;91700 STE GENEVIEVE DES BOIS;48.6282568;2.3337275;;" (384,""7 R PAUL LANGEVIN 91700 STE GENEVIEVE DES BOIS"",48.6282568,2.33372755,28,13 , 13) ,"
CLINALLIANCE PARIS BUTTES CHAUMONT;39 R FESSART;75019 PARIS;48.8767242;2.3846421;;" (385,""39 R FESSART 75019 PARIS"",48.8767242,2.38464214,18,0 , 5) ,"
CENTRE ACCUEIL THERAPEUTIQUE;R DU CLOS BERNARD;93300 AUBERVILLIERS;48.9110482;2.386525;;" (386,""R DU CLOS BERNARD 93300 AUBERVILLIERS"",48.9110482,2.38652510,26,11 , 7) ,"
CENTRE MEDICO-PSY. 91 G 13;2 R DU CHEMIN DE FER;91000 EVRY;48.6267229;2.4537219;;" (387,""2 R DU CHEMIN DE FER 91000 EVRY"",48.6267229,2.453721911,34,9 , 27) ,"
CTRE MEDICO-PSYCHOL.ENF.& ADOL.;3 R MARCEL DEBOFF;93150 LE BLANC MESNIL;48.937644;2.4601349;;" (388,""3 R MARCEL DEBOFF 93150 LE BLANC MESNIL"",48.937644,2.46013497,14,11 , 13) ,"
UNITÉ PSYCHIATRIQUE GALIGNANI;15 BD HENRI DUNANT;91106 CORBEIL ESSONNES CEDEX;48.604184;2.4821327;;" (389,""15 BD HENRI DUNANT 91106 CORBEIL ESSONNES CEDEX"",48.604184,2.482132722,40,13 , 4) ,"
HOPITAL PRIVE DE L'EST PARISIEN;11 AV DE LA REPUBLIQUE;93604 AULNAY SOUS BOIS CEDEX;48.9292015;2.4962235;;" (390,""11 AV DE LA REPUBLIQUE 93604 AULNAY SOUS BOIS CEDEX"",48.9292015,2.496223517,3,17 , 17) ,"
ETAB. HOSPITALIER STE-MARIE;28 R DE L'EGLISE;93420 VILLEPINTE;48.9637631;2.5362777;;" (391,""28 R DE L'EGLISE 93420 VILLEPINTE"",48.9637631,2.536277725,36,16 , 25) ,"
CENTRE MEDICAL DE FORCILLES;LD FORCILLES;77150 FEROLLES ATTILLY;48.7343819;2.634358;;" (392,""LD FORCILLES 77150 FEROLLES ATTILLY"",48.7343819,2.63435820,10,11 , 26) ,"
CENTRE MEDICO-PSYCHOLOGIQUE;1 R DE BEAUREGARD;77140 NEMOURS;48.2631941;2.6997943;;" (393,""1 R DE BEAUREGARD 77140 NEMOURS"",48.2631941,2.699794327,16,3 , 18) ,"
CTRE MEDICO PSYCHOLOGIQUE 78G11-I04;1 R RAYMOND LEFEVRE;78210 ST CYR L ECOLE;48.8053477;2.0628259;;" (394,""1 R RAYMOND LEFEVRE 78210 ST CYR L ECOLE"",48.8053477,2.06282594,38,9 , 2) ,"
HOPITAL DE JOUR 92G13 ST CLOUD;21 R DU CALVAIRE;92210 ST CLOUD;48.847174;2.2183761;;" (395,""21 R DU CALVAIRE 92210 ST CLOUD"",48.847174,2.218376118,9,7 , 15) ,"
HJ LA PIERRE AUX MOINES CLAMART;58 R DU PAVE BLANC;92140 CLAMART;48.7841081;2.2382014;;" (396,""58 R DU PAVE BLANC 92140 CLAMART"",48.7841081,2.23820147,21,13 , 23) ,"
CLINIQUE MEDICALE DE VILLIERS SUR ORGE;43 R VERDUN;91700 VILLIERS SUR ORGE;48.653134;2.2900824;;" (397,""43 R VERDUN 91700 VILLIERS SUR ORGE"",48.653134,2.29008244,21,18 , 23) ,"
ACCUEIL FAMILIAL THERAPEUTIQUE;2 R DANTON;92230 GENNEVILLIERS;48.9171391;2.2975581;;" (398,""2 R DANTON 92230 GENNEVILLIERS"",48.9171391,2.297558112,13,15 , 27) ,"
CLINIQUE STE-THERESE;9 R GUSTAVE DORE;75017 PARIS;48.886526;2.3024255;;" (399,""9 R GUSTAVE DORE 75017 PARIS"",48.886526,2.302425523,17,7 , 6) ,"
CMP 92I07 ENFANTS;64 R DES MEUNIERS;92220 BAGNEUX;48.7977862;2.3152535;;" (400,""64 R DES MEUNIERS 92220 BAGNEUX"",48.7977862,2.315253514,25,18 , 4) ,"
CMP ADULTES RENE CAPITANT;8 R LANNEAU;75005 PARIS;48.8483432;2.3466214;;" (401,""8 R LANNEAU 75005 PARIS"",48.8483432,2.346621429,12,18 , 24) ,"
CMP ENFANTS SOCIETE PHILANTHROPIQUE;20 R CHAMPIONNET;75018 PARIS;48.8951518;2.3515583;;" (402,""20 R CHAMPIONNET 75018 PARIS"",48.8951518,2.35155837,28,4 , 19) ,"
GPE HOSP LARIBOISIERE-FERNAND WIDAL;200 R FAUBOURG SAINT-DENIS;75010 PARIS;48.8817067;2.3584552;;" (403,""200 R FAUBOURG SAINT-DENIS 75010 PARIS"",48.8817067,2.35845522,8,3 , 23) ,"
HOPITAL EMILE ROUX (AP-HP);1 AV DE VERDUN;94456 LIMEIL BREVANNES CEDEX;48.7502491;2.4828814;;" (404,""1 AV DE VERDUN 94456 LIMEIL BREVANNES CEDEX"",48.7502491,2.482881411,7,14 , 4) ,"
CTRE MEDICO-PSYCHOLOGIQUE 95I01;17 R JEAN LECLAIRE;95220 HERBLAY;48.9932859;2.1625544;;" (405,""17 R JEAN LECLAIRE 95220 HERBLAY"",48.9932859,2.162554418,29,13 , 6) ,"
CLINIQUE LES MARTINETS;97 AV ALBERT PREMIER;92500 RUEIL MALMAISON;48.885131;2.1725512;;" (406,""97 AV ALBERT PREMIER 92500 RUEIL MALMAISON"",48.885131,2.172551216,9,3 , 1) ,"
HOSPITALISATION A DOMICILE AP- HP;14 R VESALE;75005 PARIS;48.837893;2.3521788;;" (407,""14 R VESALE 75005 PARIS"",48.837893,2.35217887,35,2 , 10) ,"
CENTRE DE CRISE CHU BICETRE;78 R DU GENERAL LECLERC;94270 LE KREMLIN BICETRE;48.8099009;2.3573942;;" (408,""78 R DU GENERAL LECLERC 94270 LE KREMLIN BICETRE"",48.8099009,2.357394217,26,7 , 18) ,"
C.M.PSY.ADULTES-CHIV-VILLENEUVE;6 AV DE LA REPUBLIQUE;94290 VILLENEUVE LE ROI;48.7309787;2.4243026;;" (409,""6 AV DE LA REPUBLIQUE 94290 VILLENEUVE LE ROI"",48.7309787,2.424302612,22,11 , 3) ,"
UNITE CLINIQUE CAMILLE CLAUDEL;194 AV HENRI BARBUSSE;91270 VIGNEUX SUR SEINE;48.7039461;2.4342562;;" (410,""194 AV HENRI BARBUSSE 91270 VIGNEUX SUR SEINE"",48.7039461,2.43425620,8,14 , 16) ,"
PLACEMENT FAMILIAL DU CHI VILLENEUVE;8 R DES VIGNES;94190 VILLENEUVE ST GEORGES;48.7315922;2.450506;;" (411,""8 R DES VIGNES 94190 VILLENEUVE ST GEORGES"",48.7315922,2.45050622,16,1 , 8) ,"
HOPITAL DE JOUR 93G05 DRANCY;1 R DE LA SOURCE;93700 DRANCY;48.9179262;2.4507154;;" (412,""1 R DE LA SOURCE 93700 DRANCY"",48.9179262,2.45071544,16,6 , 17) ,"
CENTRE MEDICO-PSYCHO.LEBAS;2 AV JEAN LEBAS;93140 BONDY;48.9122321;2.4811445;;" (413,""2 AV JEAN LEBAS 93140 BONDY"",48.9122321,2.48114458,31,11 , 17) ,"
HOPITAL DE JOUR POUR ENFANTS;ALL DES ENFANTS;77200 TORCY;48.8519453;2.6365043;;" (414,""ALL DES ENFANTS 77200 TORCY"",48.8519453,2.636504330,34,16 , 13) ,"
HOPITAL DE JOUR DE PSYCHIATRIE;56 R SAINT FARON;77100 MEAUX;48.9650627;2.8832435;;" (415,""56 R SAINT FARON 77100 MEAUX"",48.9650627,2.883243522,39,14 , 10) ,"
CTRE MEDICO-PSYCHOLOGIQUE 77G04;24 R PASTEUR;77370 NANGIS;48.5572487;3.0118719;;" (416,""24 R PASTEUR 77370 NANGIS"",48.5572487,3.011871910,34,2 , 16) ,"
CENTRE MEDICO-PSYCHOLOGIQUE;8 R MOZART;78200 MANTES LA JOLIE;48.9981787;1.6793431;;" (417,""8 R MOZART 78200 MANTES LA JOLIE"",48.9981787,1.679343125,25,0 , 24) ,"
"CATTP ""ETINCELLE""";26 BD BERCHERE;91150 ETAMPES;48.4318714;2.1618196;;" (418,""26 BD BERCHERE 91150 ETAMPES"",48.4318714,2.161819629,26,9 , 26) ,"
"HOPITAL DE JOUR ""LE PARC""NANTERRE I03";41 R VIOLANT;92000 NANTERRE;48.8925542;2.1972773;;" (419,""41 R VIOLANT 92000 NANTERRE"",48.8925542,2.19727735,37,16 , 17) ,"
HOPITAL FOCH;40 R WORTH;92151 SURESNES CEDEX;48.8714063;2.2213729;;" (420,""40 R WORTH 92151 SURESNES CEDEX"",48.8714063,2.221372918,30,14 , 22) ,"
HÔPITAL - FONDATION CHANTEPIE-MANCIER;9 R CHANTEPIE MANCIER;95290 L ISLE ADAM;49.1136038;2.2233553;;" (421,""9 R CHANTEPIE MANCIER 95290 L ISLE ADAM"",49.1136038,2.223355318,3,8 , 15) ,"
CENTRE  PICOT;6 R PICOT;75116 PARIS;48.8709172;2.2821631;;" (422,""6 R PICOT 75116 PARIS"",48.8709172,2.28216312,21,14 , 23) ,"
CENTRE ENFANTS CORENTIN;22 R DU PERE CORENTIN;75014 PARIS;48.8262492;2.3307716;;" (423,""22 R DU PERE CORENTIN 75014 PARIS"",48.8262492,2.33077164,10,20 , 6) ,"
POLYCLINIQUE PSYCHIATRIQUE WÜRTZ;10 R WURTZ;75013 PARIS;48.8273142;2.3450518;;" (424,""10 R WURTZ 75013 PARIS"",48.8273142,2.34505188,30,15 , 13) ,"
CTRE DE REEDUC. KORIAN L'OBSERVATOIRE;33 AV DE LA COUR DE FRANCE;91260 JUVISY SUR ORGE;48.6923341;2.370521;;" (425,""33 AV DE LA COUR DE FRANCE 91260 JUVISY SUR ORGE"",48.6923341,2.37052120,28,4 , 13) ,"
CENTRE MEDICO PSYCHOLOGIQUE;29 AV DU GENERAL LECLERC;93120 LA COURNEUVE;48.9253556;2.3834181;;" (426,""29 AV DU GENERAL LECLERC 93120 LA COURNEUVE"",48.9253556,2.383418130,26,20 , 13) ,"
CATTP GEORGES PEREC;12 R DU VAL D'OSNE;94410 ST MAURICE;48.8201716;2.4233788;;" (427,""12 R DU VAL D'OSNE 94410 ST MAURICE"",48.8201716,2.423378819,6,8 , 25) ,"
CH SUD FRANCILIEN SITE JEAN JAURES;116 BD JEAN JAURES;91100 CORBEIL ESSONNES;48.6146389;2.4580177;;" (428,""116 BD JEAN JAURES 91100 CORBEIL ESSONNES"",48.6146389,2.458017712,12,12 , 14) ,"
CLINIQUE MEDICO-CHIRURGICALE DU LOUVRE;17 R DES PRETRES SAINT GERMAIN;75001 PARIS;48.8592238;2.3411803;;" (429,""17 R DES PRETRES SAINT GERMAIN 75001 PARIS"",48.8592238,2.34118036,14,15 , 12) ,"
CMP HUGO;9 R VICTOR HUGO;94700 MAISONS ALFORT;48.8013323;2.433051;;" (430,""9 R VICTOR HUGO 94700 MAISONS ALFORT"",48.8013323,2.4330511,30,1 , 17) ,"
HOPITAL DE JOUR 94G04 VILLIERS;12 R DE CHENNEVIERES;94350 VILLIERS SUR MARNE;48.818832;2.5392128;;" (431,""12 R DE CHENNEVIERES 94350 VILLIERS SUR MARNE"",48.818832,2.539212818,22,0 , 27) ,"
HOPITAL DE JOUR PAUL SIVADON;57 R ST LAURENT;77400 LAGNY SUR MARNE;48.8726882;2.7064268;;" (432,""57 R ST LAURENT 77400 LAGNY SUR MARNE"",48.8726882,2.70642680,39,5 , 5) ,"
SERVICE D'HOSPITALISATION A DOMICILE;20 AV DE LA CONCORDE;77100 MEAUX;48.9513558;2.9105034;;" (433,""20 AV DE LA CONCORDE 77100 MEAUX"",48.9513558,2.91050348,13,8 , 16) ,"
CMP ENFANTS - A.D.H.M.I;26 BD BRUNE;75014 PARIS;48.8270097;2.3077751;;" (434,""26 BD BRUNE 75014 PARIS"",48.8270097,2.307775124,3,15 , 12) ,"
CTRE MEDICO-PSYCHOLOGIQUE 94I06;71B AV DU PDT ROOSEVELT;94550 CHEVILLY LARUE;48.7700254;2.3646671;;" (435,""71B AV DU PDT ROOSEVELT 94550 CHEVILLY LARUE"",48.7700254,2.364667111,33,19 , 16) ,"
CENTRE MEDICO-PSYCHOLOGIQUE G09;66 AV MARX DORMOY;95200 SARCELLES;49.0035293;2.3820346;;" (436,""66 AV MARX DORMOY 95200 SARCELLES"",49.0035293,2.382034628,35,5 , 5) ,"
CENTRE MEDICO-PSYCH.E.PECHEUX;5 R ERNEST PECHEUX;93460 GOURNAY SUR MARNE;48.8642322;2.579751;;" (437,""5 R ERNEST PECHEUX 93460 GOURNAY SUR MARNE"",48.8642322,2.57975116,13,20 , 3) ,"
CENTRE LELOUP;20 R MARCELINE LELOUP;77176 SAVIGNY LE TEMPLE;48.5945621;2.5835;;" (438,""20 R MARCELINE LELOUP 77176 SAVIGNY LE TEMPLE"",48.5945621,2.583514,30,10 , 7) ,"
CLINIQUE MEDICALE DU PARC;23 R DES FRERES CAPUCINS;95310 ST OUEN L AUMONE;49.0417139;2.10964;;" (439,""23 R DES FRERES CAPUCINS 95310 ST OUEN L AUMONE"",49.0417139,2.1096410,32,5 , 11) ,"
MAISON THERAPEUTIQUE;R MOLIERE;78000 VERSAILLES;48.7942048;2.1485287;;" (440,""R MOLIERE 78000 VERSAILLES"",48.7942048,2.148528713,27,16 , 14) ,"
CENTRE CHATEAU DU GRAND MESNIL;2 R CHARLES DE GAULLE;91440 BURES SUR YVETTE;48.6968957;2.1676256;;" (441,""2 R CHARLES DE GAULLE 91440 BURES SUR YVETTE"",48.6968957,2.16762562,12,14 , 27) ,"
"CATTP 92I05 ENFANTS ""CHEVAL AGILE""";1713 AV ROGER SALENGRO;92370 CHAVILLE;48.8075534;2.1866766;;" (442,""1713 AV ROGER SALENGRO 92370 CHAVILLE"",48.8075534,2.186676617,23,14 , 13) ,"
CATTP;165 AV FELIX FAURE;92800 PUTEAUX;48.8828938;2.2232646;;" (443,""165 AV FELIX FAURE 92800 PUTEAUX"",48.8828938,2.22326465,33,3 , 26) ,"
CMP 92I05 ADOLESCENTS;11 R DE LA RÉPUBLIQUE;92190 MEUDON;48.8104118;2.2364575;;" (444,""11 R DE LA RÉPUBLIQUE 92190 MEUDON"",48.8104118,2.236457511,33,16 , 7) ,"
H.J. ATELIER THERAP (ELAN RETROUVE);23 R MARCELIN BERTHELOT;92700 COLOMBES;48.9285559;2.2562995;;" (445,""23 R MARCELIN BERTHELOT 92700 COLOMBES"",48.9285559,2.256299516,39,1 , 11) ,"
GPE HOSP. STE PERINE / LAGACHE (AP-HP);11 R CHARDON LAGACHE;75016 PARIS;48.8449824;2.2668309;;" (446,""11 R CHARDON LAGACHE 75016 PARIS"",48.8449824,2.266830911,34,4 , 22) ,"
CMP 92I06 ENFANTS;1B R ARISTIDE BRIAND;92170 VANVES;48.8185224;2.2892309;;" (447,""1B R ARISTIDE BRIAND 92170 VANVES"",48.8185224,2.28923092,20,17 , 21) ,"
HDJ / CMP / CATTP 92G21;79 R PROSPER LEGOUTE;92160 ANTONY;48.7446642;2.2961096;;" (448,""79 R PROSPER LEGOUTE 92160 ANTONY"",48.7446642,2.296109615,22,8 , 19) ,"
ACCUEIL THERAPEUTIQUE ADOLESCENTS;5 R CLAUZEL;75009 PARIS;48.8789746;2.3391798;;" (449,""5 R CLAUZEL 75009 PARIS"",48.8789746,2.33917980,37,15 , 9) ,"
HOPITAL BROCA (AP-HP);54 R PASCAL;75013 PARIS;48.8340632;2.347548;;" (450,""54 R PASCAL 75013 PARIS"",48.8340632,2.34754825,27,3 , 24) ,"
CENTRE VICTOR SMIRNOFF;22 BD SEBASTOPOL;75004 PARIS;48.8604368;2.3494433;;" (451,""22 BD SEBASTOPOL 75004 PARIS"",48.8604368,2.349443326,8,3 , 20) ,"
CENTRE RIVOLI;10 R RIVOLI;75004 PARIS;48.8554689;2.3604543;;" (452,""10 R RIVOLI 75004 PARIS"",48.8554689,2.360454312,39,1 , 23) ,"
CENTRE MEDICO-PSYCHOLOGIQUE;5 PL VICTOR HUGO;94270 LE KREMLIN BICETRE;48.8092003;2.3606982;;" (453,""5 PL VICTOR HUGO 94270 LE KREMLIN BICETRE"",48.8092003,2.36069825,40,16 , 5) ,"
CMP ENFANTS OPÉRA SAINT LAURENT;120 QU DE JEMMAPES;75010 PARIS;48.8751735;2.3641778;;" (454,""120 QU DE JEMMAPES 75010 PARIS"",48.8751735,2.364177829,34,12 , 25) ,"
C.M.PSY.INFANTO-JUVENILE 94I04;65 AV DE LA REPUBLIQUE;94290 VILLENEUVE LE ROI;48.7317644;2.4121111;;" (455,""65 AV DE LA REPUBLIQUE 94290 VILLENEUVE LE ROI"",48.7317644,2.412111110,27,20 , 5) ,"
CMP JOYEUSE;18 AV JOYEUSE;94340 JOINVILLE LE PONT;48.818783;2.4764719;;" (456,""18 AV JOYEUSE 94340 JOINVILLE LE PONT"",48.818783,2.476471928,28,20 , 1) ,"
APPARTEMENT THERAPEUTIQUE CLICHY;443 AV VICTOR HUGO;93390 CLICHY SOUS BOIS;48.90758;2.5443273;;" (457,""443 AV VICTOR HUGO 93390 CLICHY SOUS BOIS"",48.90758,2.544327315,29,4 , 19) ,"
HOPITAL DE JOUR 94G03 CHAMPIGNY;67 AV DU PARC;94500 CHAMPIGNY SUR MARNE;48.8132748;2.5530621;;" (458,""67 AV DU PARC 94500 CHAMPIGNY SUR MARNE"",48.8132748,2.55306213,33,8 , 23) ,"
CENTRE MEDICO PSY.SECT.78-I-04;3 R MARCEAU;78210 ST CYR L ECOLE;48.8026898;2.0614829;;" (459,""3 R MARCEAU 78210 ST CYR L ECOLE"",48.8026898,2.061482925,2,3 , 3) ,"
LONG SEJOUR LES MAISONNEES;10 R DU CHAMP GAILLARD;78300 POISSY;48.9194648;2.0219685;;" (460,""10 R DU CHAMP GAILLARD 78300 POISSY"",48.9194648,2.021968518,11,3 , 13) ,"
CLINIQUE SAINTE-MARIE;1 R CHRISTIAN BARNARD;95520 OSNY;49.0730709;2.0760165;;" (461,""1 R CHRISTIAN BARNARD 95520 OSNY"",49.0730709,2.07601659,10,20 , 17) ,"
APPARTEMENT THERAPEUTIQUE G-02;57 R DE GEROFOSSE;91150 ETAMPES;48.42541;2.1671982;;" (462,""57 R DE GEROFOSSE 91150 ETAMPES"",48.42541,2.167198223,16,15 , 2) ,"
CATTP NIOX;11 R GÉNÉRAL NIOX;75016 PARIS;48.8367474;2.2625375;;" (463,""11 R GÉNÉRAL NIOX 75016 PARIS"",48.8367474,2.262537519,22,14 , 11) ,"
H. JOUR GOMBAULT-DARNAUD;24 R BAYEN;75017 PARIS;48.8806133;2.2941411;;" (464,""24 R BAYEN 75017 PARIS"",48.8806133,2.294141130,13,18 , 22) ,"
CLINIQUE COURCELLES-HAUSSMANN;37 R DE COURCELLES;75008 PARIS;48.8755357;2.3086774;;" (465,""37 R DE COURCELLES 75008 PARIS"",48.8755357,2.308677427,18,10 , 17) ,"
CENTRE ALÉSIA;145B R D'ALÉSIA;75014 PARIS;48.8299483;2.3206472;;" (466,""145B R D'ALÉSIA 75014 PARIS"",48.8299483,2.32064720,10,5 , 13) ,"
CMP ENFANTS JOURDAN  IMM;42 BD JOURDAN;75014 PARIS;48.8218125;2.3325274;;" (467,""42 BD JOURDAN 75014 PARIS"",48.8218125,2.332527415,4,10 , 25) ,"
CMP ENFANTS AP-HP BICHAT 75I12;64 R RENE BINET;75018 PARIS;48.8991572;2.3366828;;" (468,""64 R RENE BINET 75018 PARIS"",48.8991572,2.336682828,31,7 , 17) ,"
CATTP L'ANCRE;8 R GEORGES SAND;91260 JUVISY SUR ORGE;48.6895275;2.384712;;" (469,""8 R GEORGES SAND 91260 JUVISY SUR ORGE"",48.6895275,2.3847124,22,18 , 2) ,"
CMP INF-JUV LES TERRASSES;10 PROM DES TERRASSES;94200 IVRY SUR SEINE;48.813055;2.38822;;" (470,""10 PROM DES TERRASSES 94200 IVRY SUR SEINE"",48.813055,2.3882227,11,2 , 21) ,"
HOPITAL TENON (AP-HP);4 R DE LA CHINE;75970 PARIS CEDEX 20;48.8658578;2.4010043;;" (471,""4 R DE LA CHINE 75970 PARIS CEDEX 20"",48.8658578,2.401004310,21,13 , 3) ,"
CATTP DE NOGENT 94G02;66 R DE COULMIERS;94130 NOGENT SUR MARNE;48.8421002;2.4917923;;" (472,""66 R DE COULMIERS 94130 NOGENT SUR MARNE"",48.8421002,2.491792315,8,10 , 4) ,"
CENTRE HOSPITALIER DE FONTAINEBLEAU;55 BD DU MARECHAL JOFFRE;77305 FONTAINEBLEAU CEDEX;48.4118966;2.6965035;;" (473,""55 BD DU MARECHAL JOFFRE 77305 FONTAINEBLEAU CEDEX"",48.4118966,2.696503529,16,4 , 10) ,"
CENTRE READAPTATION FONCT COUBERT;RTE DE LIVERDY;77170 COUBERT;48.680505;2.7179443;;" (474,""RTE DE LIVERDY 77170 COUBERT"",48.680505,2.717944329,26,9 , 15) ,"
HÔPITAL DE JOUR BOUSSINGAULT;81 R VERGNIAUD;75013 PARIS;48.8234627;2.3443368;;" (475,""81 R VERGNIAUD 75013 PARIS"",48.8234627,2.344336813,11,14 , 14) ,"
HÔPITAL HENRI HEY;15 AV DE LA PORTE DE CHOISY;75013 PARIS;48.8187203;2.3653728;;" (476,""15 AV DE LA PORTE DE CHOISY 75013 PARIS"",48.8187203,2.36537289,35,19 , 18) ,"
S.M.P.R.FLEURY-MEROGIS;7 AV DES PEUPLIERS;91705 STE GENEVIEVE BOIS CEDEX;48.6424141;2.3661604;;" (477,""7 AV DES PEUPLIERS 91705 STE GENEVIEVE BOIS CEDEX"",48.6424141,2.366160415,37,18 , 11) ,"
"CLINIQUE  ""LE MOULIN DE VIRY""";2 R HORACE DE CHOISEUL;91170 VIRY CHATILLON;48.6677358;2.3737786;;" (478,""2 R HORACE DE CHOISEUL 91170 VIRY CHATILLON"",48.6677358,2.37377861,3,14 , 4) ,"
CENTRE MEDICO-PSY. 91 G 03;15 R PERICHON;91540 MENNECY;48.5679511;2.431559;;" (479,""15 R PERICHON 91540 MENNECY"",48.5679511,2.4315593,5,12 , 26) ,"
INSTITUT MÉDICALISÉ DE ROMAINVILLE;140 R PAUL DE KOCK;93230 ROMAINVILLE;48.8914208;2.4383702;;" (480,""140 R PAUL DE KOCK 93230 ROMAINVILLE"",48.8914208,2.438370230,21,4 , 1) ,"
C.M.P. APSI;4 PL DE LA CHENAIE;94470 BOISSY ST LEGER;48.7543354;2.4982443;;" (481,""4 PL DE LA CHENAIE 94470 BOISSY ST LEGER"",48.7543354,2.498244316,27,2 , 6) ,"
"UNITE CLINIQUE"" L'EAU VIVE """;6 AV GENERAL DE GAULLE;91450 SOISY SUR SEINE;48.6171449;2.4989254;;" (482,""6 AV GENERAL DE GAULLE 91450 SOISY SUR SEINE"",48.6171449,2.498925427,29,15 , 13) ,"
HOPITAL DE JOUR 94G05;8 BD DE CHAMPIGNY;94100 ST MAUR DES FOSSES;48.8075635;2.5089962;;" (483,""8 BD DE CHAMPIGNY 94100 ST MAUR DES FOSSES"",48.8075635,2.508996226,20,4 , 17) ,"
CMP JOFFRE;43 BD JOFFRE;77300 FONTAINEBLEAU;48.4130585;2.6994335;;" (484,""43 BD JOFFRE 77300 FONTAINEBLEAU"",48.4130585,2.699433518,10,6 , 21) ,"
CATTP DE DOURDAN 91G02;39 R DU FAUBOURG DE CHARTES;91410 DOURDAN;48.5333784;2.0073024;;" (485,""39 R DU FAUBOURG DE CHARTES 91410 DOURDAN"",48.5333784,2.007302423,17,11 , 8) ,"
CLINIQUE SAINT LOUIS;1 R BASSET;78300 POISSY;48.9301755;2.0377888;;" (486,""1 R BASSET 78300 POISSY"",48.9301755,2.037788819,9,0 , 3) ,"
CENTRE MEDICO-PSY SECT.78-G-7;15 AV AUGUSTE RENOIR;78160 MARLY LE ROI;48.8790614;2.0930419;;" (487,""15 AV AUGUSTE RENOIR 78160 MARLY LE ROI"",48.8790614,2.093041915,14,2 , 3) ,"
CLINIQUE KORIAN LA MARETTE;R DU CREUX DE LA BORNE;91690 SACLAS;48.3563858;2.1269558;;" (488,""R DU CREUX DE LA BORNE 91690 SACLAS"",48.3563858,2.12695586,36,20 , 14) ,"
"MAISON SANTE ""CLAIRE DEMEURE"" L.S.";12 R PORTE DE BUC;78000 VERSAILLES;48.7935919;2.1371203;;" (489,""12 R PORTE DE BUC 78000 VERSAILLES"",48.7935919,2.13712031,20,9 , 14) ,"
CH SUD ESSONNE DOURDAN ETAMPES;26 AV CHARLES DE GAULLE;91152 ETAMPES CEDEX;48.4230734;2.1529824;;" (490,""26 AV CHARLES DE GAULLE 91152 ETAMPES CEDEX"",48.4230734,2.152982414,10,2 , 8) ,"
HOP JOUR CTR PSY LES VIGNOLLES;43 R DE LA HALTE;95120 ERMONT;48.9896224;2.2630802;;" (491,""43 R DE LA HALTE 95120 ERMONT"",48.9896224,2.263080229,39,13 , 9) ,"
HDJ / CMP / CATTP 92G20;11 R DES VALLEES;92290 CHATENAY MALABRY;48.7646335;2.2797953;;" (492,""11 R DES VALLEES 92290 CHATENAY MALABRY"",48.7646335,2.279795326,36,18 , 11) ,"
CMP ADULTES 92G02 (DR FLEMING);5 AV DU DOCTEUR FLEMING;92600 ASNIERES SUR SEINE;48.9317932;2.2818593;;" (493,""5 AV DU DOCTEUR FLEMING 92600 ASNIERES SUR SEINE"",48.9317932,2.281859319,34,1 , 10) ,"
CMP;29 AV DE PARIS;95600 EAUBONNE;48.9923717;2.2848231;;" (494,""29 AV DE PARIS 95600 EAUBONNE"",48.9923717,2.284823124,1,19 , 17) ,"
CMP  LA VILLETTE INFANTO-JUVENIL;36 R DE LA VILLETTE;75019 PARIS;48.8766423;2.3878413;;" (495,""36 R DE LA VILLETTE 75019 PARIS"",48.8766423,2.387841313,8,4 , 9) ,"
CENTRE ACCUEIL.48 H;50 BD DE LA BOISSIERE;93100 MONTREUIL;48.878368;2.453242;;" (496,""50 BD DE LA BOISSIERE 93100 MONTREUIL"",48.878368,2.45324216,18,2 , 18) ,"
CENTRE MEDICO PSYCH.ST-LOUIS;1T R SAINT LOUIS;93250 VILLEMOMBLE;48.8881672;2.5100523;;" (497,""1T R SAINT LOUIS 93250 VILLEMOMBLE"",48.8881672,2.51005237,29,8 , 3) ,"
CENTRE MEDICO-PSYCHOLOGIQUE 77G13;PL CHARLES DE GAULLE;77410 CLAYE SOUILLY;48.9449123;2.6896863;;" (498,""PL CHARLES DE GAULLE 77410 CLAYE SOUILLY"",48.9449123,2.689686327,33,7 , 13) ,"
CENTRE FERRY;6 R JULES FERRY;77130 MONTEREAU FAULT YONNE;48.3955749;2.9577642;;" (499,""6 R JULES FERRY 77130 MONTEREAU FAULT YONNE"",48.3955749,2.957764227,3,14 , 24) ,"
CLINIQUE KORIAN LA GUYONNE;15 R PROFESSEUR MARILLER;78690 ST REMY L HONORE;48.7567915;1.882514;;" (500,""15 R PROFESSEUR MARILLER 78690 ST REMY L HONORE"",48.7567915,1.88251410,4,12 , 11) ,"
CTRE SOINS SUITE SARTROUVILLE;20 AV MAURICE BERTEAUX;78502 SARTROUVILLE CEDEX;48.9429942;2.1615237;;" (501,""20 AV MAURICE BERTEAUX 78502 SARTROUVILLE CEDEX"",48.9429942,2.161523721,7,15 , 10) ,"
CENTRE THOMAS LEMAITRE;9 R THOMAS LEMAITRE;92000 NANTERRE;48.8889167;2.1933446;;" (502,""9 R THOMAS LEMAITRE 92000 NANTERRE"",48.8889167,2.19334465,23,11 , 21) ,"
APPT & CTRE PSYCHOTHERAPIQUE;5B AV FOCH;95240 CORMEILLES EN PARISIS;48.9692167;2.1941106;;" (503,""5B AV FOCH 95240 CORMEILLES EN PARISIS"",48.9692167,2.19411064,4,12 , 27) ,"
CENTRE DE LA PORTE TRIVAUX  92 G 17;142 R DE LA PORTE TRIVAUX;92140 CLAMART;48.78479;2.235239;;" (504,""142 R DE LA PORTE TRIVAUX 92140 CLAMART"",48.78479,2.2352395,32,6 , 1) ,"
CENTRE DENISE CROISSANT;7 ALL DE VERRIERES;92290 CHATENAY MALABRY;48.7718498;2.2583247;;" (505,""7 ALL DE VERRIERES 92290 CHATENAY MALABRY"",48.7718498,2.258324720,6,7 , 24) ,"
SSR L'AMANDIER;57 AV DE LA DIVISION LECLERC;92290 CHATENAY MALABRY;48.7618;2.2861637;;" (506,""57 AV DE LA DIVISION LECLERC 92290 CHATENAY MALABRY"",48.7618,2.286163728,10,11 , 2) ,"
"CMP 92I07 ADOLESCENTS ""ODYSEE""";17 AV DE VERDUN;92330 SCEAUX;48.7803804;2.2968801;;" (507,""17 AV DE VERDUN 92330 SCEAUX"",48.7803804,2.29688013,5,3 , 1) ,"
CLINIQUE OUDINOT-FOND ST JEAN DE DIEU;19 R OUDINOT;75007 PARIS;48.8500847;2.317552;;" (508,""19 R OUDINOT 75007 PARIS"",48.8500847,2.3175525,20,7 , 10) ,"
CMP ADULTES DE L'UNAFAM;12 VLA COMPOINT;75017 PARIS;48.8918435;2.3242908;;" (509,""12 VLA COMPOINT 75017 PARIS"",48.8918435,2.32429083,36,7 , 22) ,"
CENTRE MEDICO PSY. 91 G 09;12  PLATEAU DES GLIERES;91210 DRAVEIL;48.6795939;2.4153066;;" (510,""12  PLATEAU DES GLIERES 91210 DRAVEIL"",48.6795939,2.41530667,20,4 , 4) ,"
CENTRE ACCUEIL THERAPEUTIQUE;26 AV HONORINE;93700 DRANCY;48.9182954;2.4512628;;" (511,""26 AV HONORINE 93700 DRANCY"",48.9182954,2.45126283,4,8 , 1) ,"
CENTRE DE SANTE MENTALE 93G14 BONDY;16 R DUBREUIL;93140 BONDY;48.9032852;2.4759983;;" (512,""16 R DUBREUIL 93140 BONDY"",48.9032852,2.475998321,22,4 , 21) ,"
CENTRE MEDICO-PSYCHO 77 G 13;19 R EMILE RONNE;77290 MITRY MORY;48.9790984;2.622898;;" (513,""19 R EMILE RONNE 77290 MITRY MORY"",48.9790984,2.6228982,24,17 , 13) ,"
LONG SEJOUR DU CH.MELUN;R FRETEAU DE PENY;77000 MELUN;48.5386165;2.6661942;;" (514,""R FRETEAU DE PENY 77000 MELUN"",48.5386165,2.666194224,33,12 , 20) ,"
CATTP MONTEREAU;10B TSSE D'ALEMBERT;77130 MONTEREAU FAULT YONNE;48.384734;2.956193;;" (515,""10B TSSE D'ALEMBERT 77130 MONTEREAU FAULT YONNE"",48.384734,2.95619316,29,16 , 12) ,"
CHI POISSY ST-GERMAIN SITE ST-GERMAIN;20 R ARMAGIS;78101 ST GERMAIN EN LAYE CEDEX;48.8976125;2.0856312;;" (516,""20 R ARMAGIS 78101 ST GERMAIN EN LAYE CEDEX"",48.8976125,2.085631225,36,4 , 1) ,"
HOPITAL PRIVE DE VERSAILLES-LA MAYE;49 R DU PARC DE CLAGNY;78009 VERSAILLES CEDEX;48.8165144;2.141359;;" (517,""49 R DU PARC DE CLAGNY 78009 VERSAILLES CEDEX"",48.8165144,2.1413591,1,8 , 17) ,"
CLINIQUE DU PARISIS - GRPE STE MARIE;15 AV DE LA LIBERATION;95240 CORMEILLES EN PARISIS;48.973474;2.198378;;" (518,""15 AV DE LA LIBERATION 95240 CORMEILLES EN PARISIS"",48.973474,2.19837816,13,5 , 12) ,"
